ID,FIRST_NAME,LAST_NAME,EMAIL,GENDER,PHONE_NUMBER
1,Cyndy,Rowlands,crowlands0@narod.ru,Female,7858404766
2,Preston,Brockton,pbrockton1@scribd.com,Male,4701589426
3,Theo,Heaseman,theaseman2@irs.gov,Female,5866362221
4,Garald,Delatour,gdelatour3@pinterest.com,Genderqueer,6411883120
5,Tally,Kuhnwald,tkuhnwald4@cnbc.com,Female,4825238672
6,Bree,Cowern,bcowern5@youku.com,Female,4705952144
7,Zandra,Andriveaux,zandriveaux6@tiny.cc,Female,5442159452
8,Odie,Marmyon,omarmyon7@yahoo.co.jp,Male,8709153261
9,Pen,Brandel,pbrandel8@un.org,Male,2379711621
10,Penelopa,De Morena,pdemorena9@google.com.br,Female,1988320382
11,Matthiew,Nardi,mnardia@seesaa.net,Male,5101947825
12,Rodrick,Tenny,rtennyb@go.com,Male,9781809186
13,Emmott,Farbrace,efarbracec@craigslist.org,Male,2884486374
14,Hannie,Keets,hkeetsd@oaic.gov.au,Female,7425696280
15,Mabel,Flewan,mflewane@utexas.edu,Female,5372329005
16,Arlen,Pitrasso,apitrassof@github.io,Female,5013148279
17,Carolyn,Briztman,cbriztmang@posterous.com,Female,2038043948
18,Reta,Verson,rversonh@wp.com,Polygender,1041968379
19,Glennie,Jaan,gjaani@de.vu,Female,3253637621
20,Jeth,Gerlts,jgerltsj@addtoany.com,Male,9071269792
21,Hall,Blench,hblenchk@elegantthemes.com,Male,5972662042
22,Beryl,Vobes,bvobesl@ask.com,Female,6512417215
23,Urson,Muress,umuressm@cargocollective.com,Male,4275873471
24,Sallee,Trowl,strowln@va.gov,Female,4306363515
25,Brant,Kellitt,bkellitto@ucoz.ru,Male,1314847208
26,Lewie,Whinray,lwhinrayp@mozilla.com,Male,4621008012
27,Calli,Walkey,cwalkeyq@pbs.org,Genderfluid,4529666782
28,Marcelo,Cavy,mcavyr@ca.gov,Male,1157402508
29,Felicdad,Jirik,fjiriks@ihg.com,Female,7834767229
30,Byrann,Dunmuir,bdunmuirt@apple.com,Male,5547156867
31,Alexio,Matskiv,amatskivu@walmart.com,Male,3334715612
32,Meredith,Matveyev,mmatveyevv@ning.com,Male,9521274515
33,Ainslie,Ladbrooke,aladbrookew@desdev.cn,Female,9873162979
34,Phedra,Pembridge,ppembridgex@fc2.com,Female,2682301476
35,Angelica,Houlaghan,ahoulaghany@tripadvisor.com,Female,9254174048
36,Shayne,Krauze,skrauzez@businesswire.com,Male,3999713394
37,Gerick,Hapgood,ghapgood10@nhs.uk,Male,8792254329
38,Anderson,Kennon,akennon11@icio.us,Male,7727804089
39,Jackie,Piddock,jpiddock12@xinhuanet.com,Genderfluid,4078995009
40,Bryana,Kardos-Stowe,bkardosstowe13@abc.net.au,Female,6023529709
41,Doralia,Loding,dloding14@163.com,Female,8166018634
42,Culley,Langer,clanger15@dyndns.org,Male,8893266689
43,Diahann,Ilden,dilden16@cornell.edu,Female,2515750080
44,Kristofer,Orpwood,korpwood17@imageshack.us,Male,8849222581
45,Catherina,Rosenfrucht,crosenfrucht18@surveymonkey.com,Female,9867160692
46,Jedd,Cheine,jcheine19@npr.org,Male,5254571555
47,Candis,Legate,clegate1a@hibu.com,Female,4924096082
48,Felicio,Walford,fwalford1b@opensource.org,Male,6383069949
49,Dionne,Duffield,dduffield1c@yahoo.com,Female,5174738132
50,Zacharie,Duggon,zduggon1d@discovery.com,Bigender,6781343052
51,Daffy,Corkan,dcorkan1e@examiner.com,Female,6968314106
52,Killian,Jeandon,kjeandon1f@adobe.com,Male,8311630871
53,Faunie,Barta,fbarta1g@netlog.com,Female,2203675488
54,Ellwood,Dunge,edunge1h@sohu.com,Male,2545269750
55,Bobbette,Measures,bmeasures1i@studiopress.com,Female,3732730178
56,Barrie,Cromb,bcromb1j@t-online.de,Female,1892728477
57,Alexis,Melpuss,amelpuss1k@myspace.com,Female,7817604972
58,Kelci,Blakden,kblakden1l@yale.edu,Female,8489568531
59,Ilario,Scarr,iscarr1m@china.com.cn,Male,3997764309
60,Keefe,Wedge,kwedge1n@nsw.gov.au,Male,7436466235
61,Elmore,Reany,ereany1o@jugem.jp,Male,2552304312
62,Marguerite,Zettoi,mzettoi1p@dyndns.org,Female,6775133043
63,Barnie,Kloss,bkloss1q@storify.com,Male,6925091089
64,Glyn,Lorking,glorking1r@omniture.com,Genderfluid,4548017777
65,Lauri,Chewter,lchewter1s@youtube.com,Female,4851582009
66,Willow,Stailey,wstailey1t@instagram.com,Genderqueer,5404117548
67,Stearne,McClean,smcclean1u@nydailynews.com,Male,3993187138
68,Vite,Vaughan,vvaughan1v@globo.com,Male,1406488598
69,Codi,Aingell,caingell1w@apple.com,Female,6983433940
70,Eachelle,Busk,ebusk1x@guardian.co.uk,Female,8983421848
71,Bondie,Feltoe,bfeltoe1y@google.com.au,Male,3009862817
72,Thaxter,Coppard,tcoppard1z@wordpress.com,Male,5366217098
73,Missy,MacCarlich,mmaccarlich20@guardian.co.uk,Female,1402364650
74,Frans,Strathdee,fstrathdee21@edublogs.org,Male,5293509979
75,Steffen,Paydon,spaydon22@examiner.com,Male,9276559673
76,Rocky,Leward,rleward23@jugem.jp,Male,6603793846
77,Christa,Toxell,ctoxell24@engadget.com,Polygender,7897456533
78,Blanch,Aulsford,baulsford25@hostgator.com,Genderqueer,6205088429
79,Zeke,Meir,zmeir26@tiny.cc,Male,3449601298
80,Julienne,Bendare,jbendare27@digg.com,Female,7386528039
81,Tiler,Leyshon,tleyshon28@craigslist.org,Polygender,8186361360
82,Jedediah,Postlethwaite,jpostlethwaite29@ucsd.edu,Genderqueer,4131454838
83,Waldo,Flohard,wflohard2a@mozilla.org,Male,9929955472
84,Denys,Brazil,dbrazil2b@booking.com,Male,9937505381
85,Orion,Rentcome,orentcome2c@merriam-webster.com,Male,4781354893
86,Jared,Dinsdale,jdinsdale2d@virginia.edu,Male,5157139649
87,Christi,Goadbie,cgoadbie2e@hostgator.com,Female,6658104524
88,Ginelle,Adin,gadin2f@state.tx.us,Genderqueer,3583745553
89,Joye,Durie,jdurie2g@unesco.org,Female,4708690919
90,Evey,MacQueen,emacqueen2h@hugedomains.com,Female,2042228994
91,Jemmy,Mascall,jmascall2i@thetimes.co.uk,Female,1252162140
92,Findlay,Bernaldo,fbernaldo2j@businessweek.com,Male,5322917892
93,Angelika,Wales,awales2k@google.de,Female,5665353494
94,Anson,MacCague,amaccague2l@bloglines.com,Male,7398707807
95,Faber,Navarre,fnavarre2m@simplemachines.org,Male,4398550033
96,Joline,Cleere,jcleere2n@adobe.com,Female,8988954089
97,Lana,Smellie,lsmellie2o@fema.gov,Female,9975598234
98,Cher,Hirsch,chirsch2p@reddit.com,Female,9178098337
99,Sherm,Gyrgorwicx,sgyrgorwicx2q@e-recht24.de,Male,5919161281
100,Rafaelita,Cess,rcess2r@irs.gov,Female,6733133931
101,Andriana,Jeste,ajeste2s@lulu.com,Female,6029055946
102,Foss,Larive,flarive2t@mapy.cz,Male,2806084431
103,Diarmid,Byles,dbyles2u@t-online.de,Male,8105066744
104,Lief,Beedell,lbeedell2v@ft.com,Male,5569614921
105,Gayle,Bazell,gbazell2w@istockphoto.com,Female,2437563535
106,Rosalinda,Kordt,rkordt2x@discuz.net,Female,3607716795
107,Quincey,Ullrich,qullrich2y@sina.com.cn,Male,4575621604
108,Trixy,Sheircliffe,tsheircliffe2z@baidu.com,Female,7078364660
109,Truman,Hadingham,thadingham30@mashable.com,Male,3929421775
110,Janela,Colquit,jcolquit31@eepurl.com,Female,2962069822
111,Sam,Pirouet,spirouet32@dagondesign.com,Female,9443943278
112,Dian,McCrohon,dmccrohon33@epa.gov,Female,5034060832
113,Efrem,Lidington,elidington34@goo.gl,Genderqueer,4896937209
114,Janek,Lantuff,jlantuff35@adobe.com,Male,8057139807
115,Saxon,Pillinger,spillinger36@usda.gov,Male,6658923319
116,Ferguson,Fontanet,ffontanet37@timesonline.co.uk,Male,8953469426
117,Ringo,Baptist,rbaptist38@webnode.com,Male,1365195538
118,Cully,Seed,cseed39@free.fr,Male,3224052958
119,Chantalle,Van Son,cvanson3a@mail.ru,Female,8013453716
120,Norene,Calven,ncalven3b@sun.com,Female,2327542221
121,Grange,Misson,gmisson3c@com.com,Male,9086692502
122,Ramsay,Urridge,rurridge3d@weather.com,Male,2693639107
123,Kaile,MacEveley,kmaceveley3e@mlb.com,Female,5069215169
124,Lizabeth,Tolmie,ltolmie3f@is.gd,Female,5547144383
125,Glenna,Geke,ggeke3g@fc2.com,Female,2964374577
126,Estrellita,Balfe,ebalfe3h@ox.ac.uk,Female,1822050001
127,Candis,Pharo,cpharo3i@illinois.edu,Female,1504294994
128,Noble,Liverseege,nliverseege3j@technorati.com,Male,8353385278
129,Florie,Lemasney,flemasney3k@google.ru,Genderfluid,1155545101
130,Brnaby,Loseke,bloseke3l@independent.co.uk,Non-binary,2903267069
131,Calv,Melland,cmelland3m@spiegel.de,Male,5925166883
132,Enos,Larroway,elarroway3n@ocn.ne.jp,Male,4473474488
133,Reed,Crim,rcrim3o@harvard.edu,Male,7566616862
134,Foss,Furlong,ffurlong3p@ed.gov,Male,3846719674
135,Fredia,McOrkill,fmcorkill3q@mediafire.com,Non-binary,1912252042
136,Hernando,Nystrom,hnystrom3r@mozilla.com,Male,9332724041
137,Townsend,Papa,tpapa3s@auda.org.au,Male,9246662238
138,Roxane,Trainor,rtrainor3t@newyorker.com,Female,6331197993
139,Amity,Barbour,abarbour3u@ted.com,Female,5519976367
140,Rainer,Kubu,rkubu3v@ebay.com,Male,8047421431
141,Randee,Beck,rbeck3w@themeforest.net,Female,6068800393
142,Karl,Giannazzi,kgiannazzi3x@bbc.co.uk,Male,4022764307
143,Stacy,Pimblotte,spimblotte3y@angelfire.com,Male,4651491644
144,Tallie,Gledhill,tgledhill3z@wufoo.com,Female,9395246982
145,Chuck,Oldham,coldham40@yolasite.com,Bigender,2034389489
146,Korie,Hayer,khayer41@plala.or.jp,Female,2565120624
147,Kala,Crake,kcrake42@devhub.com,Female,7965966680
148,Cyrillus,Heggman,cheggman43@cloudflare.com,Male,9387116123
149,Iolanthe,Keppel,ikeppel44@histats.com,Female,2684978959
150,Alanna,Carreyette,acarreyette45@spotify.com,Female,3231261085
151,Seline,Littlepage,slittlepage46@tripadvisor.com,Female,8176603611
152,Pietro,Hungerford,phungerford47@digg.com,Male,1369184006
153,Shaughn,Renol,srenol48@usatoday.com,Male,6282223755
154,Casie,St. Hill,csthill49@addtoany.com,Female,9207301674
155,Jone,Whear,jwhear4a@devhub.com,Male,7933986817
156,Bren,Bontoft,bbontoft4b@blogs.com,Female,4731090101
157,Danice,Husby,dhusby4c@microsoft.com,Female,1725978175
158,Thedrick,Beernaert,tbeernaert4d@xing.com,Male,9577268132
159,Brigham,Szymanzyk,bszymanzyk4e@kickstarter.com,Male,7242666873
160,Gabbey,Ezele,gezele4f@joomla.org,Female,9366523108
161,Iago,Tomasutti,itomasutti4g@wikia.com,Male,7413446991
162,Davy,Airds,dairds4h@angelfire.com,Male,2377457035
163,Aleta,McGilbon,amcgilbon4i@mlb.com,Female,1531729944
164,Charisse,Hardington,chardington4j@arstechnica.com,Female,7213640526
165,Trefor,Bachanski,tbachanski4k@ca.gov,Male,3647774801
166,Blakeley,Haken,bhaken4l@networksolutions.com,Non-binary,4211875211
167,Ema,Bulgen,ebulgen4m@msn.com,Female,8013558968
168,Lin,Eastridge,leastridge4n@sohu.com,Male,3939704004
169,Bernadine,Pittaway,bpittaway4o@geocities.jp,Female,2746241929
170,Araldo,Escale,aescale4p@alexa.com,Male,5184641983
171,Junia,Giorgetti,jgiorgetti4q@wired.com,Female,2186260038
172,Jareb,Boshere,jboshere4r@gov.uk,Male,8779339943
173,Guthrey,Brettoner,gbrettoner4s@dropbox.com,Male,5004255088
174,Chrisy,Evered,cevered4t@acquirethisname.com,Male,8584464838
175,Zebadiah,Willeman,zwilleman4u@exblog.jp,Male,8597087843
176,Sheffield,Simmonds,ssimmonds4v@sciencedaily.com,Male,2861489736
177,Hewe,Severy,hsevery4w@paginegialle.it,Male,6718180839
178,Marchall,Ancliffe,mancliffe4x@artisteer.com,Genderqueer,4926825010
179,Kenon,Poetz,kpoetz4y@imdb.com,Male,5929275665
180,Deb,Antrim,dantrim4z@123-reg.co.uk,Polygender,1972457467
181,Nikos,Ferenczy,nferenczy50@examiner.com,Male,5845925217
182,Lisle,Farrens,lfarrens51@aboutads.info,Male,8034473398
183,Norris,Reeday,nreeday52@hc360.com,Male,7465865826
184,Melinde,Perdue,mperdue53@unc.edu,Genderqueer,9729668780
185,Roxie,Gainor,rgainor54@cam.ac.uk,Female,1815633301
186,Adelaide,Sperwell,asperwell55@wired.com,Female,8529628156
187,Sandy,Chatres,schatres56@webnode.com,Female,2612252383
188,Addie,Stiff,astiff57@house.gov,Female,1894415587
189,Gavan,Swaden,gswaden58@godaddy.com,Male,9074301463
190,Rivalee,Bliben,rbliben59@google.com.au,Female,9789750282
191,Allianora,Cashmore,acashmore5a@mtv.com,Female,7717579113
192,Greta,Swithenby,gswithenby5b@alexa.com,Polygender,8147282370
193,Nev,Lilleyman,nlilleyman5c@amazon.co.jp,Male,2651265692
194,Humfrid,Mawson,hmawson5d@booking.com,Male,3651941026
195,Selig,Barry,sbarry5e@themeforest.net,Male,5409800867
196,Joete,Murfin,jmurfin5f@list-manage.com,Female,7333653526
197,Joye,Bellinger,jbellinger5g@dailymotion.com,Female,7653813303
198,Drusilla,June,djune5h@goo.ne.jp,Female,8443902614
199,Maureene,Bertwistle,mbertwistle5i@examiner.com,Female,1378982288
200,Theodor,Redferne,tredferne5j@columbia.edu,Male,6646957215
201,Nolana,Kittles,nkittles5k@google.com.hk,Female,7465153332
202,Creight,Martinson,cmartinson5l@army.mil,Male,8555369242
203,Lilah,Velden,lvelden5m@51.la,Non-binary,2722262459
204,Huberto,Edel,hedel5n@unblog.fr,Male,6475582035
205,Axe,Balme,abalme5o@sitemeter.com,Male,6897810151
206,Sibbie,Plumtree,splumtree5p@accuweather.com,Genderqueer,7922998576
207,Shanon,Campanelli,scampanelli5q@imageshack.us,Female,6288982325
208,Linnie,Southorn,lsouthorn5r@multiply.com,Female,2431587313
209,Tally,Head,thead5s@businessweek.com,Male,5486418362
210,Therese,Kinchlea,tkinchlea5t@stumbleupon.com,Female,9753952392
211,Stewart,Eastmond,seastmond5u@unc.edu,Male,7189596282
212,Zabrina,Roles,zroles5v@wikispaces.com,Female,7723643572
213,Robbyn,Szapiro,rszapiro5w@mysql.com,Female,9084173356
214,Rosanna,Panton,rpanton5x@sphinn.com,Female,6247864497
215,Derek,Finn,dfinn5y@cloudflare.com,Male,2034653517
216,Mal,Weerdenburg,mweerdenburg5z@infoseek.co.jp,Male,6711147681
217,Angelica,Gottelier,agottelier60@squarespace.com,Female,9706232374
218,Elvina,Stiller,estiller61@tuttocitta.it,Female,6864000689
219,Petronille,Baignard,pbaignard62@ow.ly,Female,8287034685
220,Sandro,Bouchier,sbouchier63@businessinsider.com,Male,2076167506
221,Vick,MacBarron,vmacbarron64@si.edu,Male,4858810315
222,Paulie,Atkins,patkins65@etsy.com,Female,3384577965
223,Hershel,Chamley,hchamley66@printfriendly.com,Male,3344036003
224,Anna,Hellikes,ahellikes67@pbs.org,Female,8862320750
225,Winni,Bascombe,wbascombe68@trellian.com,Female,3189803323
226,Hazel,Cherm,hcherm69@berkeley.edu,Female,3756000924
227,Burt,Harbison,bharbison6a@jigsy.com,Male,9022653428
228,Alexia,Banane,abanane6b@bluehost.com,Female,1484088767
229,Ase,Jesteco,ajesteco6c@nifty.com,Male,9732967970
230,Corrie,Mennell,cmennell6d@wordpress.org,Female,9131036916
231,Linette,Hatherell,lhatherell6e@europa.eu,Female,7935369826
232,Zelda,Jaram,zjaram6f@adobe.com,Female,7284167738
233,Jozef,Gentile,jgentile6g@youtu.be,Male,7854851575
234,Brooks,Birtwhistle,bbirtwhistle6h@hao123.com,Genderfluid,3433064370
235,Abbe,Giorgiutti,agiorgiutti6i@weibo.com,Female,5387209309
236,Veriee,Moffet,vmoffet6j@tinypic.com,Female,7092408178
237,Lucky,Anespie,lanespie6k@exblog.jp,Female,1375783689
238,Vic,Pindred,vpindred6l@addthis.com,Male,9092568761
239,Marcellus,Sine,msine6m@blogspot.com,Male,5313200891
240,Karlan,Giacoboni,kgiacoboni6n@cbsnews.com,Male,9478405739
241,Annabela,Selbach,aselbach6o@angelfire.com,Female,6207562704
242,Loren,Teligin,lteligin6p@arstechnica.com,Female,5702608139
243,Genny,State,gstate6q@statcounter.com,Female,2791847452
244,Burr,Dulinty,bdulinty6r@sina.com.cn,Male,6459287943
245,Karola,Rushman,krushman6s@oracle.com,Female,4724192936
246,Brander,Haxby,bhaxby6t@macromedia.com,Male,5612709089
247,Flynn,Le Breton,flebreton6u@liveinternet.ru,Male,5588035418
248,Andreas,Spitell,aspitell6v@ow.ly,Male,3789182388
249,Fletch,Holdey,fholdey6w@ibm.com,Male,7668050406
250,Florenza,Supple,fsupple6x@huffingtonpost.com,Female,3092242194
251,Donella,Gronw,dgronw6y@indiegogo.com,Female,6625459176
252,Bliss,Rossander,brossander6z@google.com,Female,4542922664
253,Emerson,Scholtz,escholtz70@blogs.com,Male,7377327378
254,Fifi,Aartsen,faartsen71@ovh.net,Female,1743139601
255,Terza,Galego,tgalego72@china.com.cn,Female,1763976080
256,Brunhilde,Rosewell,brosewell73@myspace.com,Female,7131806383
257,Alyosha,Dybald,adybald74@sitemeter.com,Male,6939257719
258,Alyssa,Verryan,averryan75@constantcontact.com,Female,5344076407
259,Calli,Levee,clevee76@cocolog-nifty.com,Female,6204397898
260,Keelby,Baccup,kbaccup77@bloomberg.com,Male,2545502301
261,Claire,Spon,cspon78@simplemachines.org,Male,8153435923
262,Bennie,Lomasna,blomasna79@whitehouse.gov,Male,9284464276
263,Sherwin,Roxby,sroxby7a@berkeley.edu,Male,3841961378
264,Norene,Houchin,nhouchin7b@51.la,Bigender,9763802546
265,Lilly,McNair,lmcnair7c@qq.com,Female,9092750951
266,Christiana,Backs,cbacks7d@newsvine.com,Female,7241297902
267,Alaric,Madine,amadine7e@princeton.edu,Male,2254544415
268,Nat,Blose,nblose7f@linkedin.com,Female,8781053237
269,Chrystel,Kempston,ckempston7g@businesswire.com,Female,4979906170
270,Lonnie,Forrington,lforrington7h@google.es,Male,7337358744
271,Irma,Moncur,imoncur7i@canalblog.com,Polygender,2813223900
272,Willard,Brickwood,wbrickwood7j@google.nl,Male,9797118559
273,Lainey,Albasiny,lalbasiny7k@deviantart.com,Female,8549386616
274,Lavinia,Ionesco,lionesco7l@tinypic.com,Female,6401039342
275,Guntar,Glamart,gglamart7m@eepurl.com,Male,5395680729
276,Franciskus,Godart,fgodart7n@dailymotion.com,Male,7742948267
277,Harrison,Sargent,hsargent7o@shareasale.com,Male,2141108760
278,Dalila,Sissland,dsissland7p@opera.com,Female,1029187002
279,Rozalin,Gimson,rgimson7q@cloudflare.com,Female,3679846240
280,Eugine,Vynehall,evynehall7r@github.io,Female,3849616427
281,Elihu,Driutti,edriutti7s@examiner.com,Male,7744438658
282,Lani,Lydster,llydster7t@oaic.gov.au,Female,1306258456
283,Kaitlynn,Lowmass,klowmass7u@sciencedirect.com,Female,4164368743
284,Baillie,Ajean,bajean7v@jimdo.com,Male,6207235341
285,Torey,Baitey,tbaitey7w@umn.edu,Male,8272733825
286,Nissy,Di Iorio,ndiiorio7x@sfgate.com,Female,4604425847
287,Alvina,Saintsbury,asaintsbury7y@fastcompany.com,Female,4291380690
288,Ferdinanda,Domanski,fdomanski7z@bloglovin.com,Female,6022246496
289,Abigail,Martinson,amartinson80@unblog.fr,Female,4061455368
290,Haley,Etheredge,hetheredge81@java.com,Female,8504068894
291,Denver,Labram,dlabram82@yandex.ru,Male,2373525176
292,Fey,Bennetts,fbennetts83@youku.com,Female,6181156174
293,Holden,Napleton,hnapleton84@people.com.cn,Male,7207329670
294,Lurette,Fritzer,lfritzer85@google.com.hk,Female,5745385026
295,Alvera,Jzhakov,ajzhakov86@51.la,Bigender,1267421074
296,Berti,Jubb,bjubb87@artisteer.com,Male,9517281177
297,Wyatan,Ingrey,wingrey88@smh.com.au,Male,6613148251
298,Miner,Ensor,mensor89@adobe.com,Male,8381667817
299,Juliana,Platt,jplatt8a@networkadvertising.org,Female,4111784529
300,Pierette,Emmitt,pemmitt8b@istockphoto.com,Female,9014023299
301,Lanny,Lindeman,llindeman8c@addtoany.com,Polygender,3758087562
302,Mirella,Seagar,mseagar8d@aol.com,Non-binary,9291716114
303,Annemarie,Scroyton,ascroyton8e@whitehouse.gov,Female,3302985339
304,Raychel,Hefferan,rhefferan8f@walmart.com,Female,1658652961
305,Chan,Badman,cbadman8g@4shared.com,Male,1625411506
306,Leesa,Rickis,lrickis8h@nps.gov,Female,4095726415
307,Uri,Balaizot,ubalaizot8i@sogou.com,Male,7087016960
308,Lynn,Willerton,lwillerton8j@google.co.jp,Female,7705471818
309,Klemens,Conahy,kconahy8k@nih.gov,Male,8616381448
310,Remus,Devo,rdevo8l@msu.edu,Male,6775256372
311,Manfred,Chaperling,mchaperling8m@usa.gov,Male,6954382619
312,Kiri,Rossiter,krossiter8n@army.mil,Female,6059830769
313,Gregorio,Malkin,gmalkin8o@earthlink.net,Male,7041706183
314,Addia,Aplin,aaplin8p@columbia.edu,Female,4868319774
315,Caitlin,Paoli,cpaoli8q@ameblo.jp,Female,2138205993
316,Gene,Glasscoo,gglasscoo8r@mozilla.com,Male,6185910290
317,Emili,Philpault,ephilpault8s@deliciousdays.com,Genderfluid,7201328478
318,Theresita,Courtney,tcourtney8t@vinaora.com,Female,4765323866
319,Tobe,Brennand,tbrennand8u@theguardian.com,Female,3182776397
320,Randa,Stanners,rstanners8v@japanpost.jp,Female,3286850156
321,Marilyn,Plaunch,mplaunch8w@jugem.jp,Female,5185175546
322,Stewart,Feehery,sfeehery8x@theguardian.com,Male,1559596293
323,Latia,MacCaughan,lmaccaughan8y@squarespace.com,Female,1389020694
324,Bertie,Jacobowicz,bjacobowicz8z@nbcnews.com,Male,1739482572
325,Gerry,Kenelin,gkenelin90@tiny.cc,Female,8743966271
326,Welsh,Neno,wneno91@kickstarter.com,Male,9846189195
327,Sheeree,Cleworth,scleworth92@businessweek.com,Female,7411820123
328,Dorette,Morton,dmorton93@tamu.edu,Female,7416442094
329,Renato,Ferreira,rferreira94@over-blog.com,Male,7424451426
330,Maurita,Pinniger,mpinniger95@hugedomains.com,Female,1983570058
331,Joli,Dils,jdils96@cbsnews.com,Female,6012271490
332,Ethelda,Fass,efass97@auda.org.au,Female,1092662680
333,Marve,Beeden,mbeeden98@instagram.com,Male,9247978676
334,Roseanne,Kuhn,rkuhn99@mozilla.org,Female,8365922580
335,Irv,Giabuzzi,igiabuzzi9a@bbb.org,Male,7922293137
336,Nicholas,Jedrzejczyk,njedrzejczyk9b@naver.com,Male,1333715768
337,Hyman,Hlavac,hhlavac9c@census.gov,Male,3412400795
338,Daryn,Mulqueeny,dmulqueeny9d@studiopress.com,Female,7326826544
339,Nickey,Gallegos,ngallegos9e@mediafire.com,Male,9846999863
340,Hussein,Tremathick,htremathick9f@nsw.gov.au,Male,1165548585
341,Douglas,Zuan,dzuan9g@tmall.com,Male,3496753552
342,Liam,Geraldo,lgeraldo9h@europa.eu,Male,5861226667
343,Meris,Gosker,mgosker9i@businesswire.com,Female,8558852386
344,Gran,Dobrowski,gdobrowski9j@marriott.com,Male,8872761238
345,Genny,Killcross,gkillcross9k@goodreads.com,Female,8167888020
346,Xaviera,Bellward,xbellward9l@vinaora.com,Female,6083577533
347,Kingsley,Lambourne,klambourne9m@google.fr,Male,8282679469
348,Stephannie,Beeres,sbeeres9n@histats.com,Female,5361912111
349,Lane,Copperwaite,lcopperwaite9o@oracle.com,Male,6525035833
350,Jania,McBeath,jmcbeath9p@hibu.com,Female,4759744474
351,Alvira,Copp,acopp9q@scribd.com,Female,2672133431
352,Eleonora,Gardiner,egardiner9r@admin.ch,Female,6101284255
353,Jereme,Borrow,jborrow9s@sfgate.com,Male,5717039360
354,Jerrilyn,Putley,jputley9t@t-online.de,Female,1769866170
355,Feodora,Stuke,fstuke9u@usda.gov,Female,2569973029
356,Fairfax,Bacup,fbacup9v@fda.gov,Male,4636129196
357,Kale,Sherburn,ksherburn9w@digg.com,Male,5442354654
358,Ariel,Chidgey,achidgey9x@oracle.com,Genderqueer,1041128775
359,Cheri,Boatwright,cboatwright9y@marketwatch.com,Female,7005793853
360,Tersina,Habard,thabard9z@yahoo.co.jp,Female,1548088164
361,Decca,Gladden,dgladdena0@opera.com,Genderfluid,9281487114
362,Cathyleen,Yakovl,cyakovla1@berkeley.edu,Female,7978061036
363,Rozalin,Athersmith,rathersmitha2@surveymonkey.com,Female,5887678978
364,Jessalyn,McNess,jmcnessa3@plala.or.jp,Female,8781198692
365,Domenico,Danielsky,ddanielskya4@ameblo.jp,Male,9452383217
366,Marlyn,Winterscale,mwinterscalea5@flickr.com,Female,2049635244
367,Seamus,Aspling,sasplinga6@samsung.com,Male,7474289262
368,Simone,Clair,sclaira7@walmart.com,Female,2499592555
369,Alano,MacKay,amackaya8@eventbrite.com,Male,9293302333
370,Ardyce,Rimington,arimingtona9@samsung.com,Female,6569060365
371,Branden,Boutellier,bboutellieraa@usa.gov,Male,9162620316
372,Daphene,Carley,dcarleyab@nbcnews.com,Female,9546031474
373,Dierdre,Leeming,dleemingac@netvibes.com,Female,7008818404
374,Raye,Doumerc,rdoumercad@tinyurl.com,Non-binary,5975892371
375,Celestina,Newell,cnewellae@histats.com,Female,9973625594
376,Colan,Goshawke,cgoshawkeaf@cargocollective.com,Male,7583739208
377,Wynn,Kynder,wkynderag@jimdo.com,Female,3832813444
378,Lia,Wordley,lwordleyah@qq.com,Female,9635268852
379,Cherianne,Heppner,cheppnerai@bloomberg.com,Bigender,4231779374
380,Doloritas,Gillani,dgillaniaj@wired.com,Female,4366285852
381,Hildagard,Ambrodi,hambrodiak@newsvine.com,Female,3251097361
382,Jacky,Crosthwaite,jcrosthwaiteal@economist.com,Male,2537454875
383,Emilee,Carle,ecarleam@noaa.gov,Female,6103110910
384,Armando,Illwell,aillwellan@bigcartel.com,Genderfluid,4897010813
385,Iolanthe,Van Vuuren,ivanvuurenao@slideshare.net,Female,9376816210
386,Meaghan,Duligall,mduligallap@php.net,Female,8524550734
387,Henrik,Orring,horringaq@cisco.com,Male,1368806920
388,Yves,Snoad,ysnoadar@mysql.com,Male,6323145516
389,Rog,Bartoszinski,rbartoszinskias@biblegateway.com,Male,1107366901
390,Camala,O'Doherty,codohertyat@lulu.com,Female,6016898568
391,Giacopo,Figg,gfiggau@1688.com,Male,9349028918
392,Alika,Fomichkin,afomichkinav@barnesandnoble.com,Female,9484790600
393,Latisha,Kment,lkmentaw@usatoday.com,Female,7219333459
394,Bartie,Savory,bsavoryax@icq.com,Male,6222600447
395,Sanderson,Sunners,ssunnersay@ted.com,Male,5688587208
396,Dulcia,Sivell,dsivellaz@exblog.jp,Female,6143981070
397,Ashly,Barten,abartenb0@msn.com,Female,6135563028
398,Roth,Ceyssen,rceyssenb1@devhub.com,Male,3825985765
399,Salvidor,Elderidge,selderidgeb2@over-blog.com,Male,8822334041
400,Jed,Cowern,jcowernb3@last.fm,Male,1086515813
401,Hoebart,Smylie,hsmylieb4@google.com.au,Male,5382018882
402,Silvain,Tantum,stantumb5@wisc.edu,Male,5712212951
403,Ianthe,Kembery,ikemberyb6@freewebs.com,Female,5012143111
404,Miles,Conway,mconwayb7@home.pl,Male,8183369523
405,Dillon,Becke,dbeckeb8@ucla.edu,Male,1577311607
406,Mohandis,Naisbet,mnaisbetb9@scientificamerican.com,Male,9526795194
407,Hymie,Weddell,hweddellba@exblog.jp,Male,1794855613
408,Meyer,Sharpley,msharpleybb@tuttocitta.it,Male,6363894573
409,Gabriel,Cratere,gcraterebc@about.com,Female,8267180568
410,Gail,Searby,gsearbybd@shutterfly.com,Male,3098591060
411,Jarrad,McGougan,jmcgouganbe@comcast.net,Male,5694449503
412,Jaime,Snartt,jsnarttbf@zdnet.com,Female,4338977169
413,Vlad,Gowman,vgowmanbg@washingtonpost.com,Male,4917962592
414,Drucill,Soff,dsoffbh@wufoo.com,Female,9467168223
415,Ronni,Weinberg,rweinbergbi@dedecms.com,Female,3862039459
416,Suellen,Warre,swarrebj@cbc.ca,Female,5218631992
417,Lotti,Guppy,lguppybk@i2i.jp,Female,3676439043
418,Aurilia,Mico,amicobl@wiley.com,Female,5933821569
419,Sterling,Crompton,scromptonbm@howstuffworks.com,Male,4068335548
420,Ruy,Gaspard,rgaspardbn@hatena.ne.jp,Male,8772939680
421,Elvyn,Glasbey,eglasbeybo@miitbeian.gov.cn,Male,3191986037
422,Hortense,Mates,hmatesbp@paypal.com,Female,1347860703
423,Sawyere,Margerison,smargerisonbq@zdnet.com,Male,1115363733
424,Lauren,Wigzell,lwigzellbr@t.co,Female,6179751261
425,Jordana,Thurske,jthurskebs@so-net.ne.jp,Female,3405977490
426,Sonny,Matovic,smatovicbt@noaa.gov,Female,9755517048
427,Bibbye,Long,blongbu@weibo.com,Female,8799437886
428,Chrissy,Bendik,cbendikbv@youtube.com,Female,8391578896
429,Tabbie,Cartledge,tcartledgebw@phpbb.com,Female,3171217815
430,Scarlett,Zelake,szelakebx@t-online.de,Female,9887461189
431,Chrissie,Stevani,cstevaniby@stanford.edu,Male,6759895177
432,Aloysia,Sheehan,asheehanbz@salon.com,Female,2618811873
433,Major,Dobrovsky,mdobrovskyc0@columbia.edu,Genderqueer,4282683567
434,Valentina,Bourthoumieux,vbourthoumieuxc1@ebay.co.uk,Non-binary,7602155802
435,Nikolaos,Senchenko,nsenchenkoc2@cisco.com,Male,1246395960
436,Ceil,Gates,cgatesc3@jiathis.com,Female,9066825176
437,Hayley,Simpson,hsimpsonc4@vk.com,Genderfluid,3664410707
438,Genovera,Havelin,ghavelinc5@elegantthemes.com,Female,8869656835
439,Aldric,Frossell,afrossellc6@baidu.com,Male,9329213280
440,Roshelle,Pisculli,rpiscullic7@spotify.com,Female,2296038551
441,Cornell,Bensley,cbensleyc8@1688.com,Male,4927605595
442,Bart,Treversh,btrevershc9@latimes.com,Male,6403044076
443,Karlis,Dongall,kdongallca@lycos.com,Male,8719495896
444,Farand,Fryett,ffryettcb@bandcamp.com,Female,8619527343
445,Ailsun,Ferriere,aferrierecc@reuters.com,Female,5953901133
446,Amandy,Farguhar,afarguharcd@example.com,Female,8898470694
447,Isobel,Deme,idemece@springer.com,Female,1275544109
448,Cris,Dayes,cdayescf@unicef.org,Male,3652865174
449,Friedrich,Roantree,froantreecg@usda.gov,Male,3013565942
450,Aylmar,Shimwall,ashimwallch@freewebs.com,Male,7522006471
451,Toinette,D'Enrico,tdenricoci@google.com.br,Female,1339187878
452,Orelie,Venton,oventoncj@cam.ac.uk,Agender,8243039894
453,Francine,Senter,fsenterck@hao123.com,Genderfluid,2746829701
454,Marrissa,Brearty,mbreartycl@prlog.org,Agender,8118901336
455,Dorthy,Swinney,dswinneycm@networksolutions.com,Female,1386776181
456,Glennis,Brummell,gbrummellcn@fc2.com,Female,9164682923
457,Darin,Calan,dcalanco@mail.ru,Male,2161221213
458,Stefania,Dalgleish,sdalgleishcp@npr.org,Female,5677352302
459,Helga,Vannini,hvanninicq@senate.gov,Genderfluid,1624916458
460,Gordan,Stickels,gstickelscr@webs.com,Male,9183268977
461,Jerrylee,Phythean,jphytheancs@examiner.com,Female,5687949274
462,Debee,Doberer,ddobererct@bloglines.com,Female,7867753742
463,Christy,Eakeley,ceakeleycu@oaic.gov.au,Male,6791291609
464,Em,Brattan,ebrattancv@mlb.com,Female,2375072489
465,Reinaldo,Colgan,rcolgancw@fema.gov,Male,3498157292
466,Witty,Ragsdale,wragsdalecx@cbc.ca,Male,4629479227
467,Abbie,Gloy,agloycy@squarespace.com,Female,9278724568
468,Neile,Agdahl,nagdahlcz@spotify.com,Female,6754827039
469,Shirline,Towell,stowelld0@miibeian.gov.cn,Female,4965757877
470,Arley,Father,afatherd1@google.nl,Male,1187166350
471,Dore,Leivers,dleiversd2@naver.com,Bigender,8379630989
472,Rene,Farlane,rfarlaned3@over-blog.com,Non-binary,6038027200
473,Shawn,Moorcroft,smoorcroftd4@woothemes.com,Male,6451416263
474,Teddie,Averies,taveriesd5@parallels.com,Female,3358334073
475,Lorrie,Brayne,lbrayned6@php.net,Male,4231816967
476,Emmey,Cathie,ecathied7@altervista.org,Female,3965099861
477,Germaine,Stowgill,gstowgilld8@whitehouse.gov,Female,3155724607
478,Lorry,Janouch,ljanouchd9@independent.co.uk,Male,4842314449
479,Arvy,Cozby,acozbyda@bravesites.com,Male,3223776227
480,Valentin,Carah,vcarahdb@freewebs.com,Male,9833716680
481,Lambert,Stainland,lstainlanddc@theatlantic.com,Agender,9632041526
482,Kristien,Sinfield,ksinfielddd@hhs.gov,Female,6024530537
483,Barri,Trounson,btrounsonde@shop-pro.jp,Male,6091183550
484,Lynn,Cosgriff,lcosgriffdf@themeforest.net,Male,5994006182
485,Genia,O'Calleran,gocallerandg@businessweek.com,Female,7354519916
486,Sisely,Wein,sweindh@home.pl,Female,9422980198
487,Carver,Scuffham,cscuffhamdi@arstechnica.com,Male,1839787513
488,Nels,Godden,ngoddendj@seattletimes.com,Male,6222873972
489,Sammie,Maevela,smaeveladk@nps.gov,Genderfluid,3717060092
490,Ced,Roby,crobydl@cnet.com,Bigender,1243841585
491,Tara,Artindale,tartindaledm@redcross.org,Female,6262685074
492,Zedekiah,Dace,zdacedn@networksolutions.com,Male,4415339529
493,Audry,Exall,aexalldo@networkadvertising.org,Non-binary,7088379052
494,Lynnelle,Dales,ldalesdp@netlog.com,Female,7694371647
495,Guilbert,MacRinn,gmacrinndq@cnn.com,Male,3277985358
496,Arline,Kirkland,akirklanddr@simplemachines.org,Female,3353453309
497,Agretha,Aleksandrikin,aaleksandrikinds@parallels.com,Female,8958529751
498,Wynnie,Duxbury,wduxburydt@bizjournals.com,Female,3772144912
499,Gunter,Embury,gemburydu@phpbb.com,Male,4186713246
500,Rorke,Derx,rderxdv@google.cn,Male,4949379931
501,Tara,Quaife,tquaifedw@about.me,Female,3102152590
502,Dolorita,Hamal,dhamaldx@accuweather.com,Female,6775375715
503,Nathan,Castrillo,ncastrillody@sun.com,Male,9281059135
504,Ike,Brabban,ibrabbandz@rediff.com,Male,6746527880
505,Krystalle,Surfleet,ksurfleete0@blogtalkradio.com,Female,1549586932
506,Reginauld,Shellard,rshellarde1@furl.net,Male,8026515367
507,Glynnis,MacQuaker,gmacquakere2@reverbnation.com,Female,7721695788
508,Sylvan,Chessor,schessore3@bbb.org,Male,1889573799
509,Wylie,Benoiton,wbenoitone4@mashable.com,Male,4217185112
510,Mareah,Dunstone,mdunstonee5@ftc.gov,Female,4605368498
511,Charla,Birchall,cbirchalle6@bandcamp.com,Female,9808303528
512,Berne,Teresia,bteresiae7@vinaora.com,Male,2097623259
513,Mariejeanne,Innott,minnotte8@livejournal.com,Female,1435462247
514,Vlad,Borless,vborlesse9@nba.com,Male,3435896390
515,Marmaduke,Hallatt,mhallattea@arizona.edu,Male,4746445811
516,Ashley,Crumbie,acrumbieeb@acquirethisname.com,Female,8736681715
517,Rob,Jeyes,rjeyesec@tripadvisor.com,Male,2251730224
518,Perice,Lettsom,plettsomed@independent.co.uk,Male,6408557691
519,Hetti,Fellgate,hfellgateee@sphinn.com,Female,5046659404
520,Nye,Gosenell,ngosenellef@chronoengine.com,Male,9974730607
521,Romain,Tombling,rtomblingeg@japanpost.jp,Male,4016662604
522,Tuesday,Beddard,tbeddardeh@is.gd,Female,6811538052
523,Chico,Wessell,cwessellei@reddit.com,Male,8556454671
524,Amanda,Stanfield,astanfieldej@nbcnews.com,Female,8175146540
525,Elinor,Canizares,ecanizaresek@senate.gov,Female,5707308783
526,Rowney,Gentery,rgenteryel@homestead.com,Male,5376510871
527,Cher,Cloonan,ccloonanem@flickr.com,Female,6031988874
528,Carlyle,Anderbrugge,canderbruggeen@google.fr,Male,9979677005
529,Janie,Mewrcik,jmewrcikeo@naver.com,Female,1503175090
530,Costanza,Matussevich,cmatussevichep@dion.ne.jp,Female,7945331354
531,Janos,MacMeekan,jmacmeekaneq@columbia.edu,Male,7049064939
532,Obediah,Waldera,owalderaer@geocities.com,Male,5055838344
533,Allianora,Inglesant,ainglesantes@usgs.gov,Female,5571776876
534,Rufe,Hallibone,rhalliboneet@google.com.hk,Male,2859484745
535,Juan,Jindrich,jjindricheu@ning.com,Male,3815538706
536,Decca,Lehr,dlehrev@washingtonpost.com,Male,1265696566
537,Gaylor,Honnicott,ghonnicottew@example.com,Male,6225349138
538,Theodoric,Wyldish,twyldishex@youku.com,Polygender,3733834850
539,Arlyn,Ouldcott,aouldcottey@yelp.com,Female,4413115903
540,Shela,Anthiftle,santhiftleez@bing.com,Female,8601483236
541,Gerri,Fish,gfishf0@fc2.com,Female,2367295225
542,Christi,Middleweek,cmiddleweekf1@dropbox.com,Female,8444351486
543,Artemus,Gaffney,agaffneyf2@wunderground.com,Male,2573539893
544,Tony,Moxom,tmoxomf3@mail.ru,Male,9597320116
545,Lanna,Medway,lmedwayf4@smh.com.au,Female,1763106240
546,Ardelle,Asbury,aasburyf5@skyrock.com,Female,3764450491
547,Gabriel,Mordanti,gmordantif6@tamu.edu,Male,5435128781
548,Clemens,Ditchfield,cditchfieldf7@sfgate.com,Male,3717083410
549,Gleda,Kinneally,gkinneallyf8@e-recht24.de,Female,3863774964
550,Myrwyn,Farrimond,mfarrimondf9@amazon.com,Male,9391959799
551,Miner,Hartley,mhartleyfa@scientificamerican.com,Male,1598321209
552,Bartholomeo,McCrann,bmccrannfb@hugedomains.com,Male,3902586089
553,Kevina,Toderini,ktoderinifc@ca.gov,Agender,7368393145
554,Ophelia,Ableson,oablesonfd@ow.ly,Genderfluid,1462614920
555,Wye,Blundon,wblundonfe@dropbox.com,Male,4482593277
556,Joete,Crofts,jcroftsff@baidu.com,Female,5781366778
557,Mart,Caven,mcavenfg@wikia.com,Male,1098266126
558,Yasmin,Franc,yfrancfh@reddit.com,Female,6324702156
559,Sergent,Arnli,sarnlifi@bravesites.com,Male,4282792122
560,Emmet,Burdge,eburdgefj@wsj.com,Male,4835907722
561,Cristie,Zettoi,czettoifk@newsvine.com,Female,3945914908
562,Darcey,Howlings,dhowlingsfl@china.com.cn,Female,7856273071
563,Ruddy,Woltering,rwolteringfm@newyorker.com,Male,7054914717
564,Trixi,Brierton,tbriertonfn@tuttocitta.it,Genderqueer,6723282554
565,Carolynn,Karslake,ckarslakefo@ucoz.com,Female,3896330314
566,Frieda,Haizelden,fhaizeldenfp@state.gov,Female,3008147009
567,Annamaria,Edgerly,aedgerlyfq@dyndns.org,Female,6165996736
568,Lynnelle,Lill,llillfr@chron.com,Female,3506808246
569,Cassondra,Crumbleholme,ccrumbleholmefs@printfriendly.com,Female,4077990151
570,Malynda,Grigson,mgrigsonft@dmoz.org,Female,7477813704
571,Kaleena,Pawelke,kpawelkefu@globo.com,Agender,6803145978
572,Anatollo,Kordas,akordasfv@addthis.com,Male,4328566303
573,Trude,Fries,tfriesfw@youku.com,Female,4063856378
574,Manon,Broomhall,mbroomhallfx@usda.gov,Female,4725698258
575,Lela,Ayars,layarsfy@dot.gov,Female,6947132736
576,Marissa,Steel,msteelfz@globo.com,Female,2599464410
577,Rosemaria,Jendas,rjendasg0@ocn.ne.jp,Female,8488184557
578,Agustin,Muehler,amuehlerg1@mapquest.com,Male,3544695162
579,Simone,Holley,sholleyg2@wikia.com,Male,2067077626
580,Pennie,Keeble,pkeebleg3@soundcloud.com,Female,3695693542
581,Glen,Volett,gvolettg4@purevolume.com,Female,3682898104
582,Clementius,Daniells,cdaniellsg5@amazon.com,Male,1894574530
583,Kimberli,Merriment,kmerrimentg6@e-recht24.de,Female,6429370618
584,Julee,Eilhertsen,jeilhertseng7@rakuten.co.jp,Female,5423912926
585,Emlyn,Andell,eandellg8@google.es,Bigender,8569903722
586,Dehlia,Neillans,dneillansg9@simplemachines.org,Female,1987009037
587,Raoul,Tidmarsh,rtidmarshga@forbes.com,Male,8328394811
588,Jerri,Elacoate,jelacoategb@godaddy.com,Male,2749592974
589,Darcey,Sorel,dsorelgc@surveymonkey.com,Agender,2963767554
590,Brittan,Fidelus,bfidelusgd@narod.ru,Female,4517923257
591,Hilliard,Restieaux,hrestieauxge@nba.com,Male,2293066442
592,Karim,Waison,kwaisongf@discovery.com,Male,1127565599
593,Marcille,O'Geaney,mogeaneygg@smh.com.au,Genderqueer,5132611444
594,Stacie,Areles,sarelesgh@addthis.com,Agender,3662531266
595,Teresita,Berthod,tberthodgi@admin.ch,Female,4287575163
596,Dene,Brucker,dbruckergj@statcounter.com,Male,5101577896
597,Bertine,Littrik,blittrikgk@biblegateway.com,Female,3503061533
598,Justin,Keyho,jkeyhogl@gravatar.com,Male,6713919034
599,Corey,Brute,cbrutegm@bandcamp.com,Male,6748760210
600,Alli,Cartin,acartingn@ebay.co.uk,Female,8251189954
601,Nettle,Collcott,ncollcottgo@businesswire.com,Female,2816823322
602,Beulah,Furmage,bfurmagegp@yolasite.com,Female,2578202758
603,Silvio,Pittam,spittamgq@forbes.com,Male,9057920067
604,Regan,MacAree,rmacareegr@sourceforge.net,Female,6564562557
605,Chan,Greetland,cgreetlandgs@loc.gov,Male,3373580049
606,Tab,Skune,tskunegt@goo.gl,Male,9369587720
607,Mata,Girk,mgirkgu@intel.com,Male,8825804922
608,Chelsea,Riccelli,criccelligv@irs.gov,Female,7951890111
609,Elladine,Cracker,ecrackergw@squarespace.com,Female,2926195811
610,Evey,Broschek,ebroschekgx@springer.com,Female,2124941860
611,Camel,Brightie,cbrightiegy@bloglovin.com,Female,7605328299
612,Elie,Collinwood,ecollinwoodgz@free.fr,Female,7074896439
613,Garrot,McClinton,gmcclintonh0@fda.gov,Male,3355657627
614,Zia,Finicj,zfinicjh1@pinterest.com,Agender,5454497343
615,Ashleigh,Andor,aandorh2@sina.com.cn,Female,2402990048
616,Kial,Draper,kdraperh3@so-net.ne.jp,Female,3135500500
617,Maison,Knappen,mknappenh4@china.com.cn,Male,4754583395
618,Krispin,Cyples,kcyplesh5@csmonitor.com,Male,2809986921
619,Cynthy,Hinrichs,chinrichsh6@gnu.org,Female,4347233384
620,Pauletta,Addekin,paddekinh7@bbb.org,Female,4023581364
621,Shaw,Kisting,skistingh8@csmonitor.com,Male,1049718074
622,Emmeline,Hannent,ehannenth9@webmd.com,Female,1444746989
623,Brew,Bretherick,bbretherickha@house.gov,Male,8526962655
624,Kimbell,Roper,kroperhb@fastcompany.com,Male,1242479577
625,Nilson,Bray,nbrayhc@paginegialle.it,Agender,4154829726
626,Homer,Kettley,hkettleyhd@techcrunch.com,Male,3528270411
627,Darda,Brugemann,dbrugemannhe@reddit.com,Female,2041041806
628,Cristine,Payn,cpaynhf@upenn.edu,Female,7993446797
629,Pearla,Ors,porshg@storify.com,Female,3577212919
630,Chandler,Beaze,cbeazehh@ted.com,Male,9059016859
631,Beckie,Haskey,bhaskeyhi@over-blog.com,Female,9992681929
632,Catriona,Syres,csyreshj@chron.com,Female,5338279463
633,Hyatt,Snowden,hsnowdenhk@cdc.gov,Male,8684132719
634,Sallyanne,Sidaway,ssidawayhl@ucla.edu,Non-binary,4082584179
635,Alec,Gatchel,agatchelhm@free.fr,Genderfluid,2468975506
636,Porty,Koppelmann,pkoppelmannhn@rakuten.co.jp,Male,2477094661
637,Timothea,Kenrack,tkenrackho@godaddy.com,Female,3939965183
638,Kaylil,Brimicombe,kbrimicombehp@spiegel.de,Female,2222709021
639,Ashla,Munson,amunsonhq@netlog.com,Female,1381325735
640,Gabie,Prahm,gprahmhr@narod.ru,Male,9731647005
641,Sargent,Menat,smenaths@jugem.jp,Male,8281262750
642,Anjanette,O'Codihie,aocodihieht@g.co,Female,9885905282
643,Joann,Camerello,jcamerellohu@youku.com,Bigender,3435375538
644,Stacie,Chippindall,schippindallhv@bandcamp.com,Female,5027710935
645,Brunhilde,Walklett,bwalkletthw@go.com,Female,8248480108
646,Temp,Eversfield,teversfieldhx@smh.com.au,Male,8014978539
647,Bearnard,Gair,bgairhy@smh.com.au,Male,4017553608
648,Steffane,Tissier,stissierhz@purevolume.com,Female,5486425181
649,Amata,Pearcehouse,apearcehousei0@mail.ru,Female,4987407395
650,Lurline,Geri,lgerii1@parallels.com,Female,8695372707
651,Cloe,Nutty,cnuttyi2@cnn.com,Female,9419145890
652,Tabina,Zecchinelli,tzecchinellii3@github.io,Female,8363470497
653,Courtnay,Buckett,cbucketti4@eventbrite.com,Genderqueer,2669681245
654,Briggs,Muirden,bmuirdeni5@chron.com,Male,7945555021
655,Alasteir,Cunningham,acunninghami6@indiegogo.com,Male,9276951905
656,Conni,Wanklin,cwanklini7@ask.com,Female,9776513437
657,Octavia,Durrell,odurrelli8@toplist.cz,Female,7683580534
658,Trey,Duthie,tduthiei9@example.com,Male,7481248200
659,Dallas,Kunat,dkunatia@is.gd,Male,7933858685
660,Cully,Ramm,crammib@netvibes.com,Male,1964200651
661,Peria,Maddrah,pmaddrahic@engadget.com,Female,3932017715
662,Lorie,Searl,lsearlid@yolasite.com,Female,2389590987
663,Farris,L'Episcopio,flepiscopioie@un.org,Male,4493481037
664,Wallis,O'Mailey,womaileyif@google.com.hk,Female,7059331224
665,Al,Harrild,aharrildig@1688.com,Male,6145562169
666,Ashby,Boni,aboniih@un.org,Male,7668238314
667,Colette,Edmett,cedmettii@sbwire.com,Female,4385190930
668,Gibb,Jullian,gjullianij@privacy.gov.au,Male,6767015080
669,Sansone,Mattingson,smattingsonik@virginia.edu,Male,6494342179
670,Caitrin,Mishow,cmishowil@com.com,Female,6721863598
671,Ernie,Bampford,ebampfordim@indiegogo.com,Male,4793825538
672,Matteo,Attoe,mattoein@ustream.tv,Male,9725135226
673,Kennith,Duffitt,kduffittio@apple.com,Male,6454459593
674,Homerus,Dovydenas,hdovydenasip@businessinsider.com,Male,2712453787
675,Merv,Betun,mbetuniq@123-reg.co.uk,Male,7926686548
676,Jackquelin,Canete,jcaneteir@jalbum.net,Female,8768643989
677,Sigvard,Statton,sstattonis@networksolutions.com,Male,1435039270
678,Jacquetta,Petchey,jpetcheyit@marketwatch.com,Female,7707631897
679,Jessie,Tourne,jtourneiu@wikipedia.org,Male,4722487779
680,Ileane,Batchley,ibatchleyiv@mtv.com,Bigender,5867433831
681,Gage,Lohmeyer,glohmeyeriw@printfriendly.com,Male,4591371228
682,Adi,Anthona,aanthonaix@baidu.com,Female,6324439283
683,Delainey,Botler,dbotleriy@dailymail.co.uk,Male,3025673523
684,Vernice,Andrus,vandrusiz@miitbeian.gov.cn,Female,1074132628
685,Ethelind,Andriveaux,eandriveauxj0@shinystat.com,Agender,1055421586
686,Gardie,Seedull,gseedullj1@cloudflare.com,Male,9229775845
687,Ryley,Lantuffe,rlantuffej2@blogspot.com,Genderqueer,1711770899
688,Bealle,Demangeon,bdemangeonj3@mail.ru,Male,4733198988
689,Lolita,Parry,lparryj4@dion.ne.jp,Agender,3387923541
690,Shanan,Muckian,smuckianj5@plala.or.jp,Male,7795718394
691,Rudolf,Henstridge,rhenstridgej6@nsw.gov.au,Male,9681893954
692,Boothe,Bowness,bbownessj7@google.fr,Male,6983609740
693,Celestyn,Trengove,ctrengovej8@tmall.com,Agender,1467369835
694,Leonanie,Donovan,ldonovanj9@geocities.com,Female,3108005906
695,Armin,Wellings,awellingsja@mozilla.com,Male,4115221697
696,Charil,Puddephatt,cpuddephattjb@gizmodo.com,Female,7882494008
697,Cullan,Darleston,cdarlestonjc@ed.gov,Male,4413523233
698,Idalia,Stevani,istevanijd@spotify.com,Female,3037678605
699,Vin,Meehan,vmeehanje@washington.edu,Male,1989352453
700,Stacee,Spikeings,sspikeingsjf@ihg.com,Male,4664293794
701,Ardyth,Geaveny,ageavenyjg@privacy.gov.au,Female,1491559437
702,Prinz,Hollerin,phollerinjh@rambler.ru,Male,7292093723
703,Brion,Addeycott,baddeycottji@un.org,Male,1658392812
704,Pierson,Jamary,pjamaryjj@csmonitor.com,Male,1953837242
705,Ciel,Classen,cclassenjk@boston.com,Female,5814434762
706,Marline,Toms,mtomsjl@google.co.uk,Female,4258324797
707,Wade,Drescher,wdrescherjm@woothemes.com,Male,8937597655
708,Noland,de Clerc,ndeclercjn@fema.gov,Male,7811500859
709,Hy,Daughton,hdaughtonjo@rediff.com,Male,7994877531
710,Sinclare,Grellis,sgrellisjp@g.co,Male,3586670831
711,Gilemette,Parradye,gparradyejq@aboutads.info,Female,2275648867
712,Phillipe,Rosier,prosierjr@blogs.com,Male,7225127007
713,Elihu,Stanesby,estanesbyjs@businessinsider.com,Male,9765348547
714,Viole,Brockbank,vbrockbankjt@friendfeed.com,Female,3419574753
715,Karie,Isacoff,kisacoffju@baidu.com,Female,5303763703
716,Zebedee,Rymmer,zrymmerjv@rambler.ru,Male,9432647015
717,Jesus,Cattonnet,jcattonnetjw@java.com,Male,2494532998
718,Aluin,Glasgow,aglasgowjx@rakuten.co.jp,Male,2112596887
719,Marijn,Rolston,mrolstonjy@adobe.com,Male,8414702592
720,Stuart,McQuaker,smcquakerjz@t.co,Male,8334768445
721,Cassaundra,Fitzpayn,cfitzpaynk0@t-online.de,Female,9075528661
722,Nert,Dessant,ndessantk1@blogtalkradio.com,Female,1179241533
723,Brynn,Glazebrook,bglazebrookk2@spotify.com,Female,8174272664
724,Daisy,Borgars,dborgarsk3@dion.ne.jp,Female,2026827898
725,Boot,Goning,bgoningk4@ebay.com,Male,6312476622
726,Caspar,Koschek,ckoschekk5@zdnet.com,Male,7511855322
727,Ashlin,Runnacles,arunnaclesk6@issuu.com,Male,9244157611
728,Karlis,Ralestone,kralestonek7@wikia.com,Male,2195713296
729,Bradney,Vittore,bvittorek8@bloglines.com,Male,5555054232
730,Caz,De Fries,cdefriesk9@sciencedirect.com,Male,3004449477
731,Zackariah,Ansteys,zansteyska@parallels.com,Male,1875274798
732,Eilis,Caudelier,ecaudelierkb@diigo.com,Bigender,1255315908
733,Emerson,Wheway,ewhewaykc@zimbio.com,Male,5578543413
734,Elsworth,Siderfin,esiderfinkd@clickbank.net,Male,2952100639
735,Andie,Penrith,apenrithke@goo.gl,Female,8493265489
736,Griff,Dubose,gdubosekf@si.edu,Male,9507730961
737,Babita,Dubique,bdubiquekg@java.com,Female,7447119290
738,Estevan,Cushworth,ecushworthkh@ning.com,Male,1549081232
739,Vicki,Linger,vlingerki@apache.org,Female,1561998243
740,Stanford,Tineman,stinemankj@techcrunch.com,Non-binary,2226349380
741,Pernell,O'Cahsedy,pocahsedykk@shinystat.com,Male,8223127628
742,Tan,Clineck,tclineckkl@ask.com,Male,6051324734
743,Parnell,Josephs,pjosephskm@wufoo.com,Male,9998834462
744,Alexina,Burrel,aburrelkn@sciencedirect.com,Female,1964811033
745,Kristal,Mirrlees,kmirrleesko@irs.gov,Female,4161838263
746,Ardelia,Vernall,avernallkp@epa.gov,Female,1531397324
747,Chevalier,Cream,ccreamkq@nyu.edu,Male,9842337850
748,Lynnell,Calliss,lcallisskr@nyu.edu,Female,7655826686
749,Alister,Alvaro,aalvaroks@ibm.com,Male,9356335274
750,Arda,Grunson,agrunsonkt@jimdo.com,Female,1633801904
751,Lombard,Taffrey,ltaffreyku@cloudflare.com,Male,3172578302
752,Josee,Mikalski,jmikalskikv@360.cn,Female,1472713984
753,Naoma,Mathiot,nmathiotkw@comsenz.com,Female,8636804679
754,Jehu,Bagshaw,jbagshawkx@tamu.edu,Male,1577511252
755,Fernande,Steinson,fsteinsonky@seesaa.net,Bigender,5174734844
756,Clerc,McAirt,cmcairtkz@w3.org,Male,7138705098
757,Delbert,Cure,dcurel0@blogger.com,Male,8566211197
758,Ingmar,Lydster,ilydsterl1@weibo.com,Male,4403768874
759,Riccardo,Ben-Aharon,rbenaharonl2@miitbeian.gov.cn,Male,8482883530
760,Valerie,Beal,vbeall3@springer.com,Female,3953646422
761,Dora,Tardiff,dtardiffl4@elegantthemes.com,Female,1105094701
762,Micky,Brash,mbrashl5@weather.com,Female,9242308199
763,Gabbie,Sjostrom,gsjostroml6@noaa.gov,Male,2279445196
764,Damita,Royse,droysel7@weibo.com,Female,8582587307
765,Lemmie,Pinfold,lpinfoldl8@creativecommons.org,Male,9583299217
766,Hewie,Facey,hfaceyl9@shop-pro.jp,Male,6447269354
767,Gwenora,Topham,gtophamla@cdc.gov,Female,2695749933
768,Liana,Starcks,lstarckslb@webeden.co.uk,Female,1745853550
769,Cariotta,Dibdall,cdibdalllc@artisteer.com,Agender,6123615641
770,Dasi,Fielding,dfieldingld@altervista.org,Female,9045561394
771,Pandora,Rabb,prabble@xing.com,Genderqueer,7745358622
772,Inglis,Goreisr,igoreisrlf@barnesandnoble.com,Male,9993616611
773,Jerad,Aldins,jaldinslg@oracle.com,Male,2628360613
774,Winnie,Clere,wclerelh@chron.com,Male,5804135535
775,Collen,Gedling,cgedlingli@biblegateway.com,Female,3327119726
776,Belva,Spatig,bspatiglj@dagondesign.com,Polygender,7637350978
777,Forester,Van der Brugge,fvanderbruggelk@php.net,Male,6495122900
778,Malorie,Attwood,mattwoodll@java.com,Non-binary,3138736986
779,Jone,Wooderson,jwoodersonlm@house.gov,Male,7221564961
780,Tait,Cowope,tcowopeln@vistaprint.com,Male,4015459060
781,Hakim,Karoly,hkarolylo@si.edu,Agender,8437254112
782,Belia,Kiera,bkieralp@last.fm,Non-binary,2719691263
783,Skye,Farraway,sfarrawaylq@nbcnews.com,Male,3399956516
784,Aryn,Wittleton,awittletonlr@springer.com,Female,8084487165
785,Rodolfo,Tayt,rtaytls@wikispaces.com,Male,6824893500
786,Darci,Driscoll,ddriscolllt@scribd.com,Female,3399984785
787,Deana,Stearndale,dstearndalelu@google.ca,Female,1805308547
788,Charlotta,Dimberline,cdimberlinelv@samsung.com,Female,7043557461
789,Van,Impleton,vimpletonlw@phoca.cz,Male,4383989464
790,Kristien,Valentin,kvalentinlx@wufoo.com,Female,7578496601
791,Kippie,Kehoe,kkehoely@hp.com,Female,3283890183
792,Cointon,Kevis,ckevislz@addtoany.com,Male,5864587524
793,Benito,Titcombe,btitcombem0@lulu.com,Male,9437209357
794,Berne,Cran,bcranm1@eventbrite.com,Male,7371713016
795,Cord,Tomson,ctomsonm2@miibeian.gov.cn,Male,7446751050
796,Franni,Lequeux,flequeuxm3@yolasite.com,Female,2296608001
797,Norby,Petroff,npetroffm4@ustream.tv,Male,3162266267
798,Eden,Kenworthey,ekenwortheym5@harvard.edu,Female,3067157142
799,Husein,Keyden,hkeydenm6@ed.gov,Male,9365900724
800,Murray,Mathivet,mmathivetm7@over-blog.com,Male,5158569965
801,Giffy,Sircombe,gsircombem8@woothemes.com,Male,9591296502
802,Corabella,Hallgate,challgatem9@shareasale.com,Female,1546870848
803,Nadean,Maciejak,nmaciejakma@simplemachines.org,Female,6134802449
804,Cristal,Clemendet,cclemendetmb@soundcloud.com,Bigender,2977825355
805,Marlow,Kunze,mkunzemc@deliciousdays.com,Male,8295794867
806,Ernst,Ash,eashmd@google.ru,Male,4933882294
807,Berkeley,Jocelyn,bjocelynme@goodreads.com,Male,7435633505
808,Arley,Huskisson,ahuskissonmf@statcounter.com,Male,4074524789
809,Kev,Quincey,kquinceymg@mail.ru,Genderfluid,2601058303
810,Marijo,Itzkovwich,mitzkovwichmh@gov.uk,Female,4862297889
811,Lew,Banghe,lbanghemi@discuz.net,Male,6105343747
812,Alethea,Hards,ahardsmj@sakura.ne.jp,Female,2932634752
813,Alison,Troop,atroopmk@smh.com.au,Female,2041882018
814,Valli,Grooby,vgroobyml@wired.com,Female,3578910618
815,Dominik,Dumbrall,ddumbrallmm@amazon.co.jp,Male,9999492556
816,Bald,Shurman,bshurmanmn@mail.ru,Male,4815137576
817,Cory,Hinchcliffe,chinchcliffemo@pinterest.com,Male,4381479338
818,Clemmie,Wood,cwoodmp@odnoklassniki.ru,Female,7166113489
819,Candis,Shipley,cshipleymq@vinaora.com,Agender,9197816027
820,Wayne,Ishaki,wishakimr@squarespace.com,Male,7404824913
821,Batholomew,Bosomworth,bbosomworthms@gov.uk,Male,1976391878
822,Xenos,Casol,xcasolmt@lulu.com,Male,9997049731
823,Perice,McKinie,pmckiniemu@whitehouse.gov,Male,5298182127
824,Laural,Orehead,loreheadmv@china.com.cn,Female,9792542415
825,Darcee,Hitter,dhittermw@wikia.com,Genderfluid,9406081241
826,Padraig,Concannon,pconcannonmx@usa.gov,Male,4121960112
827,Claiborne,Meeking,cmeekingmy@cargocollective.com,Male,8025257069
828,Joelynn,Bettison,jbettisonmz@cbslocal.com,Female,9296181891
829,Oralie,Goldster,ogoldstern0@zimbio.com,Bigender,5714512241
830,Christel,Hammatt,chammattn1@ifeng.com,Non-binary,9135083505
831,Davina,Kilbourne,dkilbournen2@xing.com,Female,2063225903
832,Gypsy,Roalfe,groalfen3@yahoo.com,Female,9203659681
833,Renault,Simms,rsimmsn4@wunderground.com,Male,9854017563
834,Dawn,Lovemore,dlovemoren5@usnews.com,Female,3482303174
835,Tarra,Fenty,tfentyn6@chicagotribune.com,Female,9994570261
836,Damian,Saffell,dsaffelln7@shutterfly.com,Male,7041869002
837,Melicent,Valentinuzzi,mvalentinuzzin8@jalbum.net,Female,7161489681
838,Kathye,Maruszewski,kmaruszewskin9@xing.com,Female,8455198409
839,Edvard,Hayes,ehayesna@sourceforge.net,Male,8492924330
840,Ariel,Stenning,astenningnb@google.co.uk,Genderqueer,1952096735
841,Gertrude,Jeannin,gjeanninnc@cdbaby.com,Female,2743987290
842,Orville,Whacket,owhacketnd@wordpress.org,Male,6756297536
843,Jemima,Carlett,jcarlettne@tmall.com,Female,6845682489
844,Joni,Rangeley,jrangeleynf@about.com,Female,4075068324
845,Normie,Noble,nnobleng@themeforest.net,Male,3901786455
846,Jacintha,Hardson,jhardsonnh@plala.or.jp,Female,4178972723
847,Durante,Semerad,dsemeradni@yellowpages.com,Male,4484436389
848,Dwain,Crenage,dcrenagenj@guardian.co.uk,Male,6716923232
849,Dian,Sidwick,dsidwicknk@livejournal.com,Female,4592100396
850,Ramsey,Abry,rabrynl@fc2.com,Male,1088552009
851,Jo,Totterdell,jtotterdellnm@ftc.gov,Male,6585598477
852,Florette,Dickerson,fdickersonnn@oracle.com,Female,1253918272
853,Roobbie,Hacksby,rhacksbyno@senate.gov,Female,6775698538
854,Edwin,Gunning,egunningnp@hubpages.com,Male,6315725810
855,Justin,Oldroyd,joldroydnq@oaic.gov.au,Male,1656780691
856,Gwennie,O'Moylane,gomoylanenr@people.com.cn,Female,9494991842
857,Maryjo,Itzchaky,mitzchakyns@rambler.ru,Agender,2294583617
858,Charleen,Colleck,ccollecknt@indiegogo.com,Female,6358844072
859,Katharina,Tibbotts,ktibbottsnu@ed.gov,Female,2601711674
860,Emelia,McKearnen,emckearnennv@infoseek.co.jp,Female,3059311667
861,Killie,Teffrey,kteffreynw@yellowbook.com,Male,7397302356
862,Talya,Asp,taspnx@blogs.com,Female,4293784771
863,Jacquetta,Deadman,jdeadmanny@xing.com,Female,4433353184
864,Berry,Edrich,bedrichnz@booking.com,Female,7131372328
865,Sonnie,Huxstep,shuxstepo0@nasa.gov,Male,5357287243
866,Graeme,MacArte,gmacarteo1@joomla.org,Male,6221275712
867,Roseanne,Milan,rmilano2@i2i.jp,Female,1784166889
868,Karilynn,Roelofs,kroelofso3@spotify.com,Genderfluid,9409818770
869,Chaim,Liverock,cliverocko4@sciencedirect.com,Male,6023111531
870,Nelia,Camelli,ncamellio5@cdc.gov,Female,4534682266
871,Sawyer,Swinbourne,sswinbourneo6@behance.net,Male,6478991125
872,Niki,Muff,nmuffo7@myspace.com,Genderqueer,3796753730
873,Yorker,Agneau,yagneauo8@posterous.com,Male,1886902209
874,Katrina,Harsum,kharsumo9@hp.com,Polygender,7658920822
875,Becky,Cogin,bcoginoa@odnoklassniki.ru,Female,9528814734
876,Irwin,De Vries,idevriesob@examiner.com,Male,9473340970
877,Natty,Singyard,nsingyardoc@abc.net.au,Female,7605537738
878,Sebastiano,Kinworthy,skinworthyod@bluehost.com,Genderfluid,9268411563
879,Cherise,Sandaver,csandaveroe@yellowbook.com,Female,6085893521
880,Florri,Ginie,fginieof@wikipedia.org,Female,2289654947
881,Olly,Scotney,oscotneyog@exblog.jp,Female,1539804721
882,Des,Runnalls,drunnallsoh@addtoany.com,Agender,6794238042
883,Manfred,Le Quesne,mlequesneoi@homestead.com,Male,7594650195
884,Evangeline,Fermoy,efermoyoj@elpais.com,Genderfluid,9508392271
885,Inge,McCumskay,imccumskayok@gnu.org,Female,2122756530
886,Rickard,Livingston,rlivingstonol@acquirethisname.com,Male,9813110317
887,Bondy,Satford,bsatfordom@w3.org,Male,2429792491
888,Ruttger,Blyth,rblython@netscape.com,Male,6375035643
889,Bria,Ashfold,bashfoldoo@themeforest.net,Female,1368083817
890,Lyndsay,Northing,lnorthingop@aol.com,Genderfluid,3551630177
891,Camala,Noden,cnodenoq@ehow.com,Female,7045941202
892,Alfi,Perazzo,aperazzoor@google.ru,Genderfluid,4732289722
893,Shanan,Garnall,sgarnallos@apache.org,Polygender,9855550822
894,Virge,Blindmann,vblindmannot@stumbleupon.com,Male,8186551367
895,Laurent,Dudderidge,ldudderidgeou@mapquest.com,Male,3311805865
896,Ingeberg,Lindenberg,ilindenbergov@forbes.com,Female,8453688631
897,Jeanne,Wozencroft,jwozencroftow@senate.gov,Female,1723943359
898,Menard,Vials,mvialsox@bloglovin.com,Male,3138597376
899,Vaughn,Iacovaccio,viacovacciooy@biglobe.ne.jp,Male,7278151512
900,Chris,Talbot,ctalbotoz@i2i.jp,Female,3158010430
901,Mariejeanne,Ridpath,mridpathp0@census.gov,Female,9919931191
902,Kendre,Edelston,kedelstonp1@joomla.org,Female,8122455429
903,Ameline,Aldcorn,aaldcornp2@usatoday.com,Female,4159057352
904,Danyelle,Botterell,dbotterellp3@stumbleupon.com,Female,6353632114
905,Weston,Woolerton,wwoolertonp4@lycos.com,Male,3429271567
906,Liza,Aksell,laksellp5@creativecommons.org,Female,7131206626
907,Shelbi,Dempster,sdempsterp6@marketwatch.com,Female,6758255626
908,Bard,Trustram,btrustramp7@delicious.com,Male,2487311609
909,Lizzy,Beveredge,lbeveredgep8@vkontakte.ru,Female,9169730730
910,Moe,Croll,mcrollp9@eepurl.com,Male,1997798438
911,Blondy,Cantillion,bcantillionpa@yolasite.com,Female,3609959811
912,Irene,Adie,iadiepb@foxnews.com,Female,6126163505
913,Patrizio,Olufsen,polufsenpc@jugem.jp,Male,8966856947
914,Paolo,Bearcock,pbearcockpd@wikipedia.org,Male,9637929674
915,Early,Lecordier,elecordierpe@gnu.org,Male,1867282043
916,Gilles,Camilio,gcamiliopf@etsy.com,Male,5142500550
917,Clarissa,Tilne,ctilnepg@dmoz.org,Female,3537569669
918,Clywd,Amberson,cambersonph@ow.ly,Male,8042720090
919,Debee,Karran,dkarranpi@google.ru,Bigender,2548255618
920,Kleon,Wintringham,kwintringhampj@google.ru,Genderfluid,2119429664
921,Kial,Vasyatkin,kvasyatkinpk@technorati.com,Female,4168595362
922,Hilary,Gittins,hgittinspl@oracle.com,Female,1159380403
923,Tommy,Dorot,tdorotpm@arstechnica.com,Male,1046097136
924,Ferdinand,Emblen,femblenpn@hao123.com,Male,3623465247
925,Gearard,Babonau,gbabonaupo@time.com,Male,7467975950
926,Diane-marie,Sainz,dsainzpp@amazon.de,Female,4777238082
927,Jeanette,Eggle,jegglepq@bloglovin.com,Female,3783783699
928,Clemmy,Heppner,cheppnerpr@nydailynews.com,Bigender,1374983742
929,Gwendolyn,Ludee,gludeeps@macromedia.com,Female,5731780254
930,Torey,Laurie,tlauriept@walmart.com,Male,7688387462
931,Perkin,Abbay,pabbaypu@163.com,Male,1867129116
932,Burke,Dewar,bdewarpv@dyndns.org,Male,7358103073
933,Lucho,Silman,lsilmanpw@wordpress.com,Male,8557772154
934,Percival,Degoix,pdegoixpx@illinois.edu,Male,5346938399
935,Farrell,Dane,fdanepy@diigo.com,Male,6536189447
936,Moreen,Kime,mkimepz@webnode.com,Female,3921234288
937,Wat,Riccione,wriccioneq0@icq.com,Male,7321407249
938,Arch,Pozzi,apozziq1@freewebs.com,Male,9229330009
939,Blinni,Tolwood,btolwoodq2@gmpg.org,Female,4232789685
940,Trenton,Gowling,tgowlingq3@bravesites.com,Male,4794488856
941,Neil,Pree,npreeq4@deviantart.com,Male,2308817600
942,Modesty,Noe,mnoeq5@cisco.com,Female,9482684721
943,Marve,Kirtlan,mkirtlanq6@oaic.gov.au,Male,6648964945
944,Meier,Cranham,mcranhamq7@nationalgeographic.com,Male,5753936032
945,Abby,Leah,aleahq8@google.nl,Male,5124306651
946,Matelda,Feldhammer,mfeldhammerq9@mozilla.com,Female,6391845943
947,Fernando,McComish,fmccomishqa@walmart.com,Male,8953175428
948,Sandy,Bellham,sbellhamqb@dyndns.org,Female,1677682698
949,Bea,MacCarroll,bmaccarrollqc@shinystat.com,Female,8915297458
950,Audrye,Petters,apettersqd@jugem.jp,Female,8961785484
951,Talbert,Golds,tgoldsqe@si.edu,Male,6756488937
952,Alick,Marklew,amarklewqf@netlog.com,Male,4717804158
953,Conrad,McSorley,cmcsorleyqg@dot.gov,Male,7335621104
954,Jae,Baudou,jbaudouqh@netlog.com,Male,3053380324
955,Retha,Guillotin,rguillotinqi@biglobe.ne.jp,Female,8627727081
956,Clotilda,Antowski,cantowskiqj@youtu.be,Female,1645576357
957,Allx,Mattityahou,amattityahouqk@census.gov,Female,9019131340
958,Jaime,Wollers,jwollersql@cornell.edu,Male,1591282775
959,Bailie,Butten,bbuttenqm@archive.org,Male,9279655087
960,Kurtis,Rappoport,krappoportqn@reuters.com,Male,2717144211
961,Ashlie,Clogg,acloggqo@blog.com,Female,2711747569
962,Zacharias,Shucksmith,zshucksmithqp@sitemeter.com,Male,8158723788
963,Antony,Coils,acoilsqq@livejournal.com,Male,5532207587
964,Eilis,Bezant,ebezantqr@jugem.jp,Female,1606286925
965,Artie,Godman,agodmanqs@xinhuanet.com,Agender,1944861700
966,Jaquenette,Aldwick,jaldwickqt@npr.org,Female,6447147965
967,Gradey,Commins,gcomminsqu@loc.gov,Male,8663413214
968,Jonie,McLelland,jmclellandqv@microsoft.com,Female,1793589330
969,Filide,Bramo,fbramoqw@51.la,Female,4223860513
970,Rustin,Grigor,rgrigorqx@bigcartel.com,Male,8313237971
971,Elvera,Feldheim,efeldheimqy@tamu.edu,Female,9705348076
972,Feodor,Andreutti,fandreuttiqz@apple.com,Male,9345511739
973,Gerome,Bellord,gbellordr0@so-net.ne.jp,Male,4023554861
974,Ichabod,Crier,icrierr1@spiegel.de,Male,4268735528
975,Cos,Chrstine,cchrstiner2@shinystat.com,Genderqueer,1102716523
976,Hortensia,Collip,hcollipr3@walmart.com,Female,7996039715
977,Stearn,Weale,swealer4@dropbox.com,Male,6252072115
978,Barty,Crecy,bcrecyr5@disqus.com,Male,9311018433
979,Juliana,Claris,jclarisr6@bravesites.com,Female,8744490524
980,Carly,Malcolmson,cmalcolmsonr7@wufoo.com,Female,6584285540
981,Zak,Beceril,zbecerilr8@e-recht24.de,Male,3146972485
982,Simeon,Luna,slunar9@ted.com,Male,3777637702
983,Antons,Dunham,adunhamra@ezinearticles.com,Male,7483010209
984,Rhianon,Pavlasek,rpavlasekrb@reddit.com,Female,5593889595
985,Myrtice,Sercombe,msercomberc@squarespace.com,Female,8734598381
986,Cammy,Kennham,ckennhamrd@adobe.com,Male,3307003830
987,Allen,Haggard,ahaggardre@slashdot.org,Male,6093843406
988,Tammie,Rizzini,trizzinirf@guardian.co.uk,Female,7339392772
989,Arlee,Reilingen,areilingenrg@usatoday.com,Female,9406169425
990,Kellie,Tomasoni,ktomasonirh@latimes.com,Polygender,3916517455
991,Oberon,Nardrup,onardrupri@cdbaby.com,Male,9587796429
992,Rustin,Kobierski,rkobierskirj@godaddy.com,Male,8121213659
993,Aloin,Darbyshire,adarbyshirerk@ucsd.edu,Male,7887855093
994,Godiva,Thayre,gthayrerl@unesco.org,Female,2499275764
995,Abby,Commin,acomminrm@lulu.com,Female,4904753879
996,Lorens,Langland,llanglandrn@ebay.co.uk,Male,4466361568
997,Jarrod,Tottie,jtottiero@epa.gov,Genderqueer,6955677383
998,Winfield,Sheehan,wsheehanrp@shinystat.com,Male,4527191889
999,Kipper,Corain,kcorainrq@rakuten.co.jp,Male,2427566775
1000,Lenka,Yantsev,lyantsevrr@plala.or.jp,Female,8122375977
