ID, FIRST_NAME, LAST_NAME, EMAIL, GENDER, PHONE_NUMBER
1,Jasmin,Stillwell,jstillwell0@dyndns.org,Female,7842977788
2,Maribeth,Stenett,mstenett1@ning.com,Female,3501281228
3,Lauren,Jansie,ljansie2@plala.or.jp,Male,2579329537
4,Obadiah,Duinbleton,oduinbleton3@lycos.com,Male,4553226194
5,Weston,Hayford,whayford4@youtu.be,Male,1476115679
6,Farand,Kennicott,fkennicott5@wunderground.com,Female,6539124595
7,Genovera,Bonnin,gbonnin6@1und1.de,Female,3968050838
8,Pat,Gulliford,pgulliford7@bluehost.com,Male,9972492450
9,Basil,Chadd,bchadd8@uiuc.edu,Male,1159383173
10,Euphemia,Stannard,estannard9@blog.com,Female,5589075138
11,Josefa,Thompson,jthompsona@t-online.de,Agender,3722784921
12,Hershel,Bourgour,hbourgourb@is.gd,Male,9366328098
13,Mal,Masden,mmasdenc@google.de,Male,8665954347
14,Dimitry,Grove,dgroved@theglobeandmail.com,Male,2124690142
15,Winifield,Kolczynski,wkolczynskie@comsenz.com,Male,2923294282
16,Gisella,Addams,gaddamsf@networksolutions.com,Female,2029268696
17,Reggie,Bierman,rbiermang@github.io,Male,3514533194
18,Hedwiga,McTerrelly,hmcterrellyh@pcworld.com,Female,7675424812
19,Staffard,Ainley,sainleyi@apache.org,Genderqueer,4195947558
20,Josepha,Hissie,jhissiej@flavors.me,Female,1703929124
21,Richmond,Franzen,rfranzenk@twitter.com,Male,8808540621
22,Ruttger,Slight,rslightl@fema.gov,Male,4201474476
23,Aurore,Edie,aediem@jiathis.com,Female,4704824408
24,Hilliard,Dawton,hdawtonn@xinhuanet.com,Male,3515837733
25,Onofredo,Madge,omadgeo@slate.com,Male,3574166083
26,Dolf,Goodspeed,dgoodspeedp@bbb.org,Male,5913151564
27,Nevins,Cosh,ncoshq@marketwatch.com,Male,5702163136
28,Jedidiah,Latimer,jlatimerr@eventbrite.com,Male,7278010621
29,Nathalia,Welford,nwelfords@wufoo.com,Female,1121051160
30,Averyl,Prati,apratit@usatoday.com,Female,4675397564
31,Herbert,Yole,hyoleu@pinterest.com,Male,9771319139
32,Clay,Manjot,cmanjotv@cmu.edu,Male,7296771327
33,Kiel,Surgeon,ksurgeonw@1und1.de,Male,5442269890
34,Lorna,Millea,lmilleax@people.com.cn,Female,8211756594
35,Freida,Ashley,fashleyy@marriott.com,Female,9916320632
36,Carena,Hoffner,choffnerz@mozilla.com,Female,3791115482
37,Neale,Santora,nsantora10@geocities.com,Male,6891145860
38,Shaylyn,Finding,sfinding11@unc.edu,Female,3863254677
39,Shaun,Murdy,smurdy12@washington.edu,Male,5981381577
40,Brandise,Persey,bpersey13@ovh.net,Female,4805139015
41,Kingsly,Dundridge,kdundridge14@house.gov,Male,2575337869
42,Brad,Blincow,bblincow15@fc2.com,Male,9414898109
43,Blake,Powis,bpowis16@moonfruit.com,Female,9289786056
44,Jessika,Cass,jcass17@vinaora.com,Female,9933943049
45,Galina,Dassindale,gdassindale18@upenn.edu,Female,1465679003
46,Felicity,Ivins,fivins19@alexa.com,Female,1969603591
47,Gerry,Yeowell,gyeowell1a@imgur.com,Male,3458745840
48,Lyman,Pantridge,lpantridge1b@alexa.com,Male,8892416227
49,Charlton,Petford,cpetford1c@icq.com,Male,9676016288
50,Hillie,Larvin,hlarvin1d@theglobeandmail.com,Male,1651373385
51,Lizzie,Billo,lbillo1e@bloomberg.com,Female,2623776552
52,Quincy,Mangan,qmangan1f@cnbc.com,Male,8271583077
53,Bern,Congrave,bcongrave1g@google.ru,Male,8228711504
54,Joscelin,Hatto,jhatto1h@ycombinator.com,Female,7591495991
55,Rod,Austins,raustins1i@mysql.com,Male,3015966059
56,Jedidiah,McIlhagga,jmcilhagga1j@yale.edu,Male,8091452405
57,Slade,Liccardi,sliccardi1k@jalbum.net,Male,9008881118
58,Kristan,Billsberry,kbillsberry1l@foxnews.com,Female,6344357080
59,Ilka,Gwilliam,igwilliam1m@nsw.gov.au,Female,5637182377
60,Susannah,Piddocke,spiddocke1n@last.fm,Female,5964130014
61,Chet,Langford,clangford1o@discovery.com,Male,1306942395
62,Kristal,Sperry,ksperry1p@posterous.com,Female,6966414894
63,Idaline,Gleeson,igleeson1q@hc360.com,Female,1795471104
64,Heidie,Gladtbach,hgladtbach1r@usgs.gov,Bigender,7052378281
65,Chicky,Snedden,csnedden1s@wunderground.com,Female,3278895685
66,Noreen,McArtan,nmcartan1t@engadget.com,Female,6076523792
67,Lyman,Christophe,lchristophe1u@shop-pro.jp,Male,3869947861
68,Farleigh,Preece,fpreece1v@studiopress.com,Male,9692104725
69,Billie,Pollendine,bpollendine1w@bbb.org,Female,2435898293
70,Abbi,Mussared,amussared1x@purevolume.com,Female,9667850226
71,Lindsey,ducarme,lducarme1y@imgur.com,Male,5286466950
72,Ame,Keave,akeave1z@independent.co.uk,Bigender,5793483649
73,Ree,Shaves,rshaves20@earthlink.net,Polygender,6008385668
74,Harv,Habard,hhabard21@tiny.cc,Non-binary,7862598124
75,Kris,Tregoning,ktregoning22@salon.com,Male,5407648557
76,Shanan,Roj,sroj23@gizmodo.com,Male,8834451719
77,Roy,Yuille,ryuille24@jugem.jp,Male,5087347395
78,Haskell,Wrightham,hwrightham25@google.com.br,Male,1005629047
79,Margarita,Jeal,mjeal26@sciencedaily.com,Female,2044211223
80,Alika,Spyer,aspyer27@google.cn,Female,7191998514
81,Eyde,Ison,eison28@elegantthemes.com,Female,7146154308
82,Sydelle,Lavelle,slavelle29@miitbeian.gov.cn,Female,9249559276
83,Livia,Blount,lblount2a@dmoz.org,Female,8408897760
84,Viviene,Vaudrey,vvaudrey2b@whitehouse.gov,Female,1986209961
85,Raimund,Cumbes,rcumbes2c@usgs.gov,Male,3482455939
86,Aloysius,Quene,aquene2d@fastcompany.com,Male,9985162272
87,Timothy,Spatarul,tspatarul2e@abc.net.au,Male,7585537763
88,Andrey,Jex,ajex2f@netlog.com,Male,3159757203
89,Dyanne,Sturdey,dsturdey2g@nyu.edu,Female,8189306519
90,Jervis,Rowett,jrowett2h@alibaba.com,Male,1151646317
91,Cal,Dumbreck,cdumbreck2i@nymag.com,Male,8189951311
92,Bertine,Oulet,boulet2j@canalblog.com,Female,8309349202
93,Alysia,Reeman,areeman2k@barnesandnoble.com,Genderqueer,2986808591
94,Giorgio,Windous,gwindous2l@moonfruit.com,Male,2265315308
95,Rodolfo,Di Giacomo,rdigiacomo2m@dion.ne.jp,Male,7716082269
96,Leupold,Meininger,lmeininger2n@a8.net,Male,8781940739
97,Barny,Adney,badney2o@webnode.com,Male,7105364928
98,Frederic,Upstell,fupstell2p@de.vu,Male,5815164367
99,Bertha,Kernocke,bkernocke2q@army.mil,Female,6738837892
100,Nerty,Camplin,ncamplin2r@odnoklassniki.ru,Female,3391909367
101,Nehemiah,Kolczynski,nkolczynski2s@tamu.edu,Male,7537133370
102,Bettye,Loseby,bloseby2t@usnews.com,Female,9402097841
103,Gerardo,Scholefield,gscholefield2u@who.int,Male,4905962676
104,Rustie,Todhunter,rtodhunter2v@hugedomains.com,Male,6229726930
105,Arty,Rembaud,arembaud2w@nydailynews.com,Genderfluid,9417024276
106,Jud,Moiser,jmoiser2x@netlog.com,Male,6524685129
107,Bria,Bottoner,bbottoner2y@seattletimes.com,Female,2664525141
108,Alfred,Tungate,atungate2z@jimdo.com,Male,7091485098
109,Natasha,Lippi,nlippi30@msn.com,Female,3626642850
110,Lorianna,Waterland,lwaterland31@wp.com,Female,8156610497
111,Gertrud,Knutton,gknutton32@multiply.com,Female,1984217657
112,Maurise,Ales,males33@google.fr,Female,2341665585
113,Stephenie,Woolvett,swoolvett34@ameblo.jp,Female,5834806158
114,Lorenza,Nelligan,lnelligan35@theguardian.com,Female,4789992570
115,Erinn,Janota,ejanota36@amazon.com,Female,6722705830
116,Uri,Scrancher,uscrancher37@hubpages.com,Male,1492072800
117,Rycca,Osgardby,rosgardby38@gov.uk,Female,7599292361
118,Daria,Presshaugh,dpresshaugh39@salon.com,Female,6599994789
119,Ruperto,Lutwyche,rlutwyche3a@bbb.org,Male,4452807058
120,Horton,Pavis,hpavis3b@washingtonpost.com,Male,4336919283
121,Reinaldo,Winship,rwinship3c@geocities.com,Male,4424372953
122,Dwayne,McJarrow,dmcjarrow3d@smugmug.com,Genderqueer,8771729501
123,Lucine,D'Souza,ldsouza3e@t.co,Female,2723100914
124,Saxe,Bennetts,sbennetts3f@aboutads.info,Male,8334885301
125,Courtnay,Ghost,cghost3g@ftc.gov,Male,1651030670
126,Darsey,Starbeck,dstarbeck3h@moonfruit.com,Female,3143458966
127,Dorian,Lindsey,dlindsey3i@eepurl.com,Female,1683385661
128,Tonnie,Yakovl,tyakovl3j@narod.ru,Male,5009619243
129,Harley,Joselovitch,hjoselovitch3k@flickr.com,Female,2015290801
130,Boy,Folk,bfolk3l@accuweather.com,Male,8035718548
131,Tandy,Bradman,tbradman3m@deviantart.com,Female,4469835401
132,Glen,Foden,gfoden3n@yahoo.co.jp,Male,7936938262
133,Antonetta,Choudhury,achoudhury3o@symantec.com,Female,1369892269
134,Henrietta,Hansbury,hhansbury3p@mit.edu,Female,2197114443
135,Mirabel,Forman,mforman3q@ox.ac.uk,Female,1009224157
136,Charlton,Feely,cfeely3r@house.gov,Male,7702791197
137,Rollie,Jenkin,rjenkin3s@huffingtonpost.com,Male,3763798763
138,Emmerich,Raiston,eraiston3t@liveinternet.ru,Male,8745886617
139,Michaella,Eadie,meadie3u@csmonitor.com,Female,6116335072
140,Elbert,Hulburd,ehulburd3v@dell.com,Male,5605761673
141,Paula,Long,plong3w@marriott.com,Female,1457554822
142,Hillery,Dring,hdring3x@xinhuanet.com,Male,4665933392
143,Madelyn,Carress,mcarress3y@cornell.edu,Female,9631116102
144,Arlina,McAnulty,amcanulty3z@smh.com.au,Female,5886540207
145,Elston,Dryden,edryden40@youtube.com,Male,9206548329
146,Nonie,Pelchat,npelchat41@jalbum.net,Female,8521256114
147,Addie,Lydden,alydden42@infoseek.co.jp,Female,9159783953
148,Parry,Reubel,preubel43@utexas.edu,Male,4279529830
149,Remington,Upward,rupward44@fc2.com,Male,6857533813
150,Noel,Colgrave,ncolgrave45@jimdo.com,Female,4116023181
151,Dannie,McCarver,dmccarver46@infoseek.co.jp,Female,4211794621
152,Faber,Dahlgren,fdahlgren47@army.mil,Male,5102155589
153,Thomasine,Devlin,tdevlin48@cbsnews.com,Female,8151165397
154,Laney,Eliesco,leliesco49@apache.org,Genderfluid,5599924304
155,Rorke,Kohring,rkohring4a@bbb.org,Male,8172901764
156,Godfrey,Frost,gfrost4b@myspace.com,Male,7981240463
157,Monica,Moff,mmoff4c@mozilla.com,Genderqueer,4125708437
158,Editha,Bellinger,ebellinger4d@va.gov,Female,7099128735
159,Anne-corinne,Tillard,atillard4e@google.ru,Female,3672142155
160,Charlean,Claye,cclaye4f@flavors.me,Polygender,8916150354
161,Max,Ennor,mennor4g@sohu.com,Male,5033323699
162,Giovanna,Jon,gjon4h@vistaprint.com,Female,4326227775
163,Dwain,Schiell,dschiell4i@archive.org,Male,6648889668
164,Rufus,Robson,rrobson4j@newsvine.com,Male,9385490986
165,Salaidh,Shaefer,sshaefer4k@homestead.com,Female,9055473883
166,Randall,Larkworthy,rlarkworthy4l@github.io,Male,9268706049
167,Giralda,Botte,gbotte4m@census.gov,Female,2144772978
168,Milissent,Hellin,mhellin4n@typepad.com,Bigender,1894030109
169,Silvie,Wimsett,swimsett4o@bluehost.com,Female,2211225747
170,Anestassia,Dafter,adafter4p@chron.com,Female,2635732846
171,Nev,Gauvin,ngauvin4q@dot.gov,Male,4002317255
172,Kimbra,Robotham,krobotham4r@google.ca,Female,1725895367
173,Sybilla,Buttrum,sbuttrum4s@qq.com,Female,1365976022
174,Sarene,Ioannou,sioannou4t@weebly.com,Female,9183098048
175,Che,Flaunier,cflaunier4u@people.com.cn,Male,5169122431
176,Ninon,Burchett,nburchett4v@facebook.com,Female,2742329809
177,Bronson,Trouncer,btrouncer4w@census.gov,Male,6335218091
178,Janice,Eckery,jeckery4x@devhub.com,Female,4969551266
179,Ursula,Ommundsen,uommundsen4y@behance.net,Female,2722018633
180,Montgomery,McLaughlan,mmclaughlan4z@bandcamp.com,Bigender,6359887316
181,Heda,Pumfrett,hpumfrett50@amazon.de,Female,6785129381
182,Corie,Chmiel,cchmiel51@nytimes.com,Female,8137102043
183,Ainslie,Bindley,abindley52@google.fr,Female,6001652954
184,Robinette,Van Castele,rvancastele53@npr.org,Female,8234047305
185,Stephie,Ridges,sridges54@bbb.org,Female,9464121190
186,Kermit,Drohun,kdrohun55@eepurl.com,Male,9619515492
187,Raychel,Loseby,rloseby56@harvard.edu,Female,4265663758
188,Oswell,Cordon,ocordon57@netvibes.com,Genderqueer,9426523540
189,Doug,Armstrong,darmstrong58@apple.com,Male,3368586650
190,Ibrahim,Defau,idefau59@huffingtonpost.com,Male,9616957831
191,Akim,Gregoletti,agregoletti5a@typepad.com,Male,1686846753
192,Jasmine,Nayshe,jnayshe5b@exblog.jp,Female,7203900632
193,Eveleen,Kenner,ekenner5c@drupal.org,Female,5428550666
194,Keefer,Labone,klabone5d@goodreads.com,Male,9018998117
195,Arthur,Hurne,ahurne5e@aol.com,Male,5226694663
196,Brandie,Oats,boats5f@paginegialle.it,Female,8849106599
197,Mace,Benns,mbenns5g@epa.gov,Male,5148928627
198,Halli,Robez,hrobez5h@ted.com,Female,9213129866
199,Bucky,Azema,bazema5i@mozilla.com,Male,1781814562
200,Spenser,Burney,sburney5j@globo.com,Male,4996734294
201,Lorine,Errett,lerrett5k@taobao.com,Female,7774947505
202,Orin,Booton,obooton5l@webnode.com,Male,8852778059
203,Maryjo,Southwood,msouthwood5m@walmart.com,Female,2354873362
204,Rachelle,Oman,roman5n@statcounter.com,Female,5186889826
205,Dulci,Keysel,dkeysel5o@people.com.cn,Non-binary,8758345373
206,Trudey,Bottle,tbottle5p@dion.ne.jp,Female,5708706771
207,Shirl,Rainbird,srainbird5q@ibm.com,Female,5146352249
208,Ariella,Ditter,aditter5r@dot.gov,Female,8018517642
209,Carmina,Kadwallider,ckadwallider5s@dagondesign.com,Female,2299533308
210,Kariotta,Rostron,krostron5t@home.pl,Female,9602252901
211,Keen,Ells,kells5u@cmu.edu,Male,5901681202
212,Ula,Garm,ugarm5v@timesonline.co.uk,Female,8408360030
213,Gail,Rominov,grominov5w@usda.gov,Male,1111340115
214,Miles,Bezants,mbezants5x@cyberchimps.com,Male,5722925995
215,Joey,Worvell,jworvell5y@dyndns.org,Female,8344052752
216,Bent,Clist,bclist5z@boston.com,Male,5476627974
217,Benito,Sedman,bsedman60@yahoo.com,Male,5524507295
218,Tracy,Brasier,tbrasier61@oaic.gov.au,Female,1153517583
219,Wilfrid,Spelwood,wspelwood62@comsenz.com,Male,6097743495
220,Lynnett,Browne,lbrowne63@netvibes.com,Female,6441067354
221,Barrie,Bassam,bbassam64@slashdot.org,Male,9908760460
222,Dale,Cleve,dcleve65@wisc.edu,Male,6393188346
223,Tabb,Hidderley,thidderley66@oakley.com,Male,9119411979
224,Brittany,Petracci,bpetracci67@baidu.com,Female,2697996517
225,Laurens,Niess,lniess68@baidu.com,Male,7006832855
226,Bartie,Davis,bdavis69@deviantart.com,Male,9336707229
227,Dasie,Askell,daskell6a@addthis.com,Female,7703756386
228,Lulita,Lindenblatt,llindenblatt6b@sfgate.com,Female,7724575320
229,Nate,Treuge,ntreuge6c@epa.gov,Male,1742249848
230,Leigh,Boundley,lboundley6d@unicef.org,Female,1255474921
231,Dosi,Ballston,dballston6e@altervista.org,Female,8388571699
232,Abeu,Maggorini,amaggorini6f@printfriendly.com,Male,4289790389
233,Milty,Roke,mroke6g@hhs.gov,Male,5601417927
234,Else,Pareman,epareman6h@surveymonkey.com,Female,4088144856
235,Harlie,Leaf,hleaf6i@lulu.com,Female,4398938205
236,Analise,Gooderham,agooderham6j@google.ru,Female,5831297748
237,Anne-corinne,Castellani,acastellani6k@github.com,Female,2368087853
238,Ximenez,Dibbert,xdibbert6l@china.com.cn,Male,8668695014
239,Patton,Asgodby,pasgodby6m@sakura.ne.jp,Male,5777938897
240,Chrystal,Sambrok,csambrok6n@java.com,Female,2164975294
241,Cristine,Subhan,csubhan6o@hud.gov,Female,3155362487
242,Onida,Fitzsymon,ofitzsymon6p@disqus.com,Female,6478143472
243,Shandy,McAuley,smcauley6q@upenn.edu,Female,4737375027
244,Zolly,Kopfer,zkopfer6r@skyrock.com,Male,9477702921
245,Aurilia,Frantz,afrantz6s@sfgate.com,Female,9759089792
246,Cello,Huckfield,chuckfield6t@unc.edu,Male,3588321810
247,Mellisent,Mumbey,mmumbey6u@123-reg.co.uk,Female,9561976013
248,Aron,Brilleman,abrilleman6v@sina.com.cn,Male,5046781643
249,Sheffy,Banville,sbanville6w@free.fr,Male,2975902810
250,Channa,Portingale,cportingale6x@thetimes.co.uk,Female,1168966928
251,Jesselyn,Boothe,jboothe6y@eventbrite.com,Female,5471381411
252,Cyril,Gosselin,cgosselin6z@answers.com,Bigender,4392588321
253,Domeniga,Casley,dcasley70@issuu.com,Female,2262214210
254,Ferdy,Ziemke,fziemke71@imgur.com,Male,3067320632
255,Brooke,Honeyghan,bhoneyghan72@blogtalkradio.com,Female,3027973910
256,Marney,Schulken,mschulken73@techcrunch.com,Female,8656140744
257,Barth,Beardsley,bbeardsley74@discovery.com,Male,3144950389
258,Marmaduke,Lorent,mlorent75@wired.com,Genderqueer,4729149227
259,Eleanor,Ragborne,eragborne76@arizona.edu,Non-binary,6516210866
260,Martino,Newlands,mnewlands77@biblegateway.com,Male,2342944057
261,Lissa,Boots,lboots78@unesco.org,Female,3389630062
262,Pandora,Kyllford,pkyllford79@ebay.com,Female,4892638642
263,Alwin,Mocquer,amocquer7a@flavors.me,Male,1274320510
264,Mile,Nevin,mnevin7b@berkeley.edu,Male,8677642546
265,Arthur,Gillbey,agillbey7c@elpais.com,Non-binary,3091860855
266,Ange,Hannigane,ahannigane7d@php.net,Female,4628704646
267,Haven,Attac,hattac7e@addthis.com,Male,7311430396
268,Candie,Belhome,cbelhome7f@qq.com,Genderqueer,1359093224
269,Reuben,Coopman,rcoopman7g@ebay.co.uk,Male,6036288268
270,Garnette,Clemett,gclemett7h@sogou.com,Female,4862814958
271,Symon,Redan,sredan7i@chronoengine.com,Male,9843391983
272,Lindon,Rosensaft,lrosensaft7j@theguardian.com,Male,8756439978
273,Teirtza,Buckles,tbuckles7k@timesonline.co.uk,Female,3065569352
274,Jorge,Deshorts,jdeshorts7l@samsung.com,Male,8601419561
275,Benoite,Wadworth,bwadworth7m@sogou.com,Female,2783092400
276,Zena,Bullcock,zbullcock7n@about.me,Female,1608967269
277,Haleigh,Steffan,hsteffan7o@loc.gov,Male,4216782824
278,Natka,Routham,nroutham7p@arstechnica.com,Non-binary,6907089309
279,Vivie,Bartolacci,vbartolacci7q@adobe.com,Female,1568480158
280,Janeen,Andretti,jandretti7r@europa.eu,Female,9381734677
281,Edmon,Morison,emorison7s@tiny.cc,Male,4128603061
282,Abagail,Maggs,amaggs7t@vistaprint.com,Female,7124248150
283,Dory,Struijs,dstruijs7u@altervista.org,Male,9957327322
284,Myranda,Le Breton De La Vieuville,mlebretondelavieuville7v@de.vu,Female,8333784750
285,Renelle,Reglar,rreglar7w@scribd.com,Female,4593375880
286,Barde,Howgego,bhowgego7x@earthlink.net,Male,1415034617
287,Corrinne,Ponting,cponting7y@nytimes.com,Female,4666948457
288,Alvina,Bard,abard7z@lycos.com,Female,6173787835
289,Jasmin,Cribbott,jcribbott80@github.io,Female,7822505408
290,Tessy,Eadmeades,teadmeades81@technorati.com,Polygender,9015247058
291,Hedvige,Brando,hbrando82@cocolog-nifty.com,Female,8082176168
292,Berti,Beavington,bbeavington83@example.com,Male,2448274172
293,Lorena,Bellany,lbellany84@yellowpages.com,Female,2768848680
294,Rosanne,Corss,rcorss85@homestead.com,Female,7812175243
295,Gerard,Baston,gbaston86@cnbc.com,Male,4412573617
296,Verna,Britton,vbritton87@rakuten.co.jp,Female,9029236545
297,Livvy,Satford,lsatford88@163.com,Female,7297218813
298,Benedikta,Inkpin,binkpin89@skyrock.com,Female,8439445291
299,Willem,Drakers,wdrakers8a@blinklist.com,Genderfluid,3781164839
300,Chrissie,Jerke,cjerke8b@bloglines.com,Male,4453631241
301,Laurie,Broke,lbroke8c@networksolutions.com,Female,9492833356
302,Maxim,Eschelle,meschelle8d@nyu.edu,Bigender,5633049886
303,Susy,Danshin,sdanshin8e@adobe.com,Female,3204510124
304,Brion,Horbath,bhorbath8f@wired.com,Male,7354997786
305,Cyndi,Llewelyn,cllewelyn8g@thetimes.co.uk,Female,2837860785
306,Fawnia,Nasey,fnasey8h@a8.net,Female,3592656650
307,Carmelina,Snassell,csnassell8i@pen.io,Female,6404326286
308,Esdras,Danielczyk,edanielczyk8j@google.com.hk,Male,5368565517
309,Cordelie,Perroni,cperroni8k@who.int,Female,9671865096
310,Teresita,Dyde,tdyde8l@globo.com,Female,5611479274
311,Helge,Jerger,hjerger8m@prlog.org,Female,4974058396
312,Amanda,Sivorn,asivorn8n@360.cn,Female,4247710419
313,Dominic,Tenby,dtenby8o@cisco.com,Male,1381711730
314,Kristel,Minigo,kminigo8p@google.es,Female,5485386970
315,Brock,Di Bartolommeo,bdibartolommeo8q@dion.ne.jp,Male,6786649639
316,Brand,Wallis,bwallis8r@huffingtonpost.com,Male,1611131540
317,Kakalina,Caswall,kcaswall8s@usa.gov,Female,2328273347
318,Arte,Eckert,aeckert8t@google.com.au,Male,7082007310
319,Svend,Flintuff,sflintuff8u@who.int,Male,8473218938
320,Coraline,Dudbridge,cdudbridge8v@free.fr,Female,4248724620
321,Jody,Rosell,jrosell8w@bigcartel.com,Male,4414352923
322,Ruthanne,Maffucci,rmaffucci8x@vimeo.com,Female,3609415242
323,Odelia,Blow,oblow8y@salon.com,Female,9249969201
324,Lyon,Atthow,latthow8z@narod.ru,Male,9626775130
325,Betsey,Kolakovic,bkolakovic90@tiny.cc,Female,9601480735
326,Sheilah,Fiddeman,sfiddeman91@engadget.com,Female,3057261922
327,Jethro,Godlonton,jgodlonton92@pinterest.com,Male,6278056148
328,Eirena,Trimble,etrimble93@soup.io,Female,6266406595
329,Kim,McGarahan,kmcgarahan94@weibo.com,Female,3742269411
330,Clair,Wallman,cwallman95@macromedia.com,Female,9537666346
331,Elliot,Dunrige,edunrige96@yellowbook.com,Genderfluid,7603403394
332,Hercules,Giacomoni,hgiacomoni97@walmart.com,Male,8695722832
333,Maighdiln,Chellam,mchellam98@cdc.gov,Female,5429919334
334,Xena,Cropper,xcropper99@wsj.com,Female,7088932590
335,Normand,Rattry,nrattry9a@irs.gov,Male,1119970137
336,Nadine,de Quincey,ndequincey9b@angelfire.com,Female,3857346910
337,Kermit,Scathard,kscathard9c@google.com.hk,Male,1684327221
338,Lauren,Potten,lpotten9d@businesswire.com,Female,4173045651
339,Butch,Aylmore,baylmore9e@mayoclinic.com,Male,4774419760
340,Bax,Hurford,bhurford9f@opensource.org,Male,1408948209
341,Sumner,Giacobazzi,sgiacobazzi9g@elpais.com,Male,5337145218
342,Stoddard,O'Currine,socurrine9h@sogou.com,Female,7218178071
343,Dyan,Ellerton,dellerton9i@dailymotion.com,Female,5235725833
344,Husain,Clappison,hclappison9j@paypal.com,Male,3556349859
345,Nelli,Catt,ncatt9k@latimes.com,Female,4508778115
346,Valry,Clench,vclench9l@vinaora.com,Female,7631923262
347,Luz,Kolakovic,lkolakovic9m@imgur.com,Female,1345360820
348,Keene,Woodus,kwoodus9n@globo.com,Male,7794578157
349,Billie,Dowsett,bdowsett9o@devhub.com,Female,2621176146
350,Heida,Kiltie,hkiltie9p@cbc.ca,Female,7094361049
351,Nichol,Doxsey,ndoxsey9q@amazon.co.jp,Female,8803632348
352,Kassandra,Leverich,kleverich9r@nsw.gov.au,Female,1479739431
353,Emelita,Sapsford,esapsford9s@skyrock.com,Female,1972531063
354,Timoteo,Huitt,thuitt9t@goo.ne.jp,Male,3743747598
355,Hedy,Shalloe,hshalloe9u@nymag.com,Female,6078860104
356,Harley,Phibb,hphibb9v@thetimes.co.uk,Female,4247993016
357,Trula,Blaxter,tblaxter9w@reverbnation.com,Female,2419960050
358,Cordelia,Dack,cdack9x@tiny.cc,Female,5712455731
359,Jade,McCormack,jmccormack9y@wufoo.com,Female,7162319478
360,Ruddie,Aries,raries9z@army.mil,Male,5041980024
361,Zelda,Douglas,zdouglasa0@slate.com,Female,9517040799
362,Dale,Mancer,dmancera1@paypal.com,Female,3956730410
363,Natalina,Sorton,nsortona2@phpbb.com,Bigender,6007946268
364,Queenie,Cumberledge,qcumberledgea3@taobao.com,Female,7406648085
365,Romola,Georger,rgeorgera4@delicious.com,Female,5468394268
366,Leigh,Skelding,lskeldinga5@marriott.com,Female,5152839176
367,Dyan,Keble,dkeblea6@dell.com,Bigender,6507036723
368,Didi,Hallen,dhallena7@aol.com,Female,9102355241
369,Analiese,Staddon,astaddona8@unc.edu,Female,8333680701
370,Sabina,Blackadder,sblackaddera9@surveymonkey.com,Female,1305641128
371,Debby,Offord,doffordaa@hc360.com,Female,6222252011
372,Zacherie,Ramme,zrammeab@bbb.org,Male,7559166195
373,Dirk,Elcocks,delcocksac@weebly.com,Male,9361267344
374,Bab,Warbeys,bwarbeysad@chronoengine.com,Female,7398985766
375,Violet,Mandell,vmandellae@com.com,Female,7264219514
376,Virgil,Valiant,vvaliantaf@samsung.com,Male,7457900466
377,Yvor,Hyndley,yhyndleyag@goodreads.com,Male,1527985298
378,Linnet,Winkworth,lwinkworthah@sogou.com,Female,6947669264
379,Palmer,Lyall,plyallai@clickbank.net,Male,6033417389
380,Modesta,Adacot,madacotaj@epa.gov,Genderqueer,4686057589
381,Lynett,Kilcullen,lkilcullenak@state.tx.us,Genderqueer,1847614453
382,Josee,De Winton,jdewintonal@geocities.jp,Female,9282761767
383,Skipp,Hugueville,shuguevilleam@mysql.com,Male,3851738001
384,Enrique,Cobelli,ecobellian@cisco.com,Male,2161999620
385,Gamaliel,Godley,ggodleyao@livejournal.com,Male,9654186861
386,Con,Eagar,ceagarap@irs.gov,Male,8313767652
387,Skylar,LaBastida,slabastidaaq@constantcontact.com,Male,1249769423
388,Yoshiko,Flatley,yflatleyar@skyrock.com,Female,1079599076
389,Ginnie,Comazzo,gcomazzoas@goo.gl,Female,5562442540
390,Blanch,McIlwrick,bmcilwrickat@loc.gov,Female,3873605433
391,Drona,Lorentzen,dlorentzenau@angelfire.com,Female,1863062562
392,Mitchel,Sandeson,msandesonav@friendfeed.com,Male,6499697638
393,Jed,Greasley,jgreasleyaw@nature.com,Male,7438891791
394,Charlie,Pischoff,cpischoffax@pbs.org,Male,5255376457
395,Connor,Budgeon,cbudgeonay@reddit.com,Male,8133905745
396,Georgeanne,Ledgley,gledgleyaz@tamu.edu,Genderfluid,9161168357
397,Camile,Bransom,cbransomb0@cornell.edu,Female,6433849923
398,Pierson,Offner,poffnerb1@cdc.gov,Male,7854706003
399,Darnell,Ruppel,druppelb2@businessweek.com,Male,7809338435
400,Toby,Dawes,tdawesb3@state.tx.us,Female,7224819457
401,Christean,Davidsen,cdavidsenb4@devhub.com,Female,3526655389
402,Doll,Tarbin,dtarbinb5@bandcamp.com,Female,8247067146
403,Son,Colley,scolleyb6@nationalgeographic.com,Male,8511660211
404,Sheppard,Getsham,sgetshamb7@census.gov,Male,5637938695
405,Dunc,Brawn,dbrawnb8@meetup.com,Male,9988717852
406,Mano,Nesfield,mnesfieldb9@washingtonpost.com,Male,5553541286
407,Zita,Capron,zcapronba@wunderground.com,Female,8873427452
408,Adrian,Berceros,abercerosbb@wiley.com,Male,1388865899
409,Shanda,Lie,sliebc@theglobeandmail.com,Female,6116332175
410,Oren,Wisden,owisdenbd@desdev.cn,Male,4944540353
411,Raquela,Brearty,rbreartybe@wired.com,Female,5636323043
412,Hayden,Harmour,hharmourbf@businesswire.com,Male,1435397060
413,Kaye,Abrahamsen,kabrahamsenbg@paginegialle.it,Female,2115759287
414,Ogden,Burland,oburlandbh@wikimedia.org,Genderqueer,4985785272
415,Koralle,Gartin,kgartinbi@cbsnews.com,Female,6439594358
416,Wye,Robertacci,wrobertaccibj@4shared.com,Male,1811389815
417,Norby,Campione,ncampionebk@pen.io,Male,7023594072
418,Hilarius,Yelland,hyellandbl@live.com,Male,8634579772
419,Ruperta,Eagan,reaganbm@bluehost.com,Genderfluid,9096815270
420,Allen,Harly,aharlybn@hatena.ne.jp,Male,6566983676
421,Langsdon,Witchard,lwitchardbo@storify.com,Male,8971114377
422,Cinnamon,Kenningham,ckenninghambp@icq.com,Female,6557068815
423,Karlie,Fishleigh,kfishleighbq@google.es,Female,8829867556
424,Latia,Scarasbrick,lscarasbrickbr@umn.edu,Female,9824418156
425,Andriana,Sivyour,asivyourbs@ft.com,Female,6466061687
426,Archie,Stopp,astoppbt@indiegogo.com,Male,6351279144
427,Marten,McGrane,mmcgranebu@creativecommons.org,Male,2347152891
428,Naomi,Woolf,nwoolfbv@google.co.uk,Female,4341645671
429,Eolande,O'Dowd,eodowdbw@devhub.com,Female,1606180909
430,Davis,Riches,drichesbx@dion.ne.jp,Male,3026976469
431,Maximo,Fasse,mfasseby@eepurl.com,Male,2007760477
432,Denys,Gosling,dgoslingbz@sitemeter.com,Male,4218440306
433,Shirley,Donner,sdonnerc0@cafepress.com,Female,7961859349
434,Grant,Rheubottom,grheubottomc1@hubpages.com,Male,6812312505
435,Kirbie,Knotton,kknottonc2@issuu.com,Female,1336831043
436,Jabez,Kerswill,jkerswillc3@bloomberg.com,Male,3251430764
437,Claire,Maccaig,cmaccaigc4@cbsnews.com,Male,5955993430
438,Arielle,Morgan,amorganc5@infoseek.co.jp,Female,7531214242
439,Ware,Ever,weverc6@geocities.jp,Male,8175534647
440,Even,Emanson,eemansonc7@seattletimes.com,Male,6969596873
441,Valenka,Benoit,vbenoitc8@wiley.com,Female,6412380360
442,Miller,Lymer,mlymerc9@flickr.com,Male,9569827220
443,Addie,Fyrth,afyrthca@odnoklassniki.ru,Male,9344999917
444,Saxe,Wolton,swoltoncb@mapquest.com,Male,9199078711
445,Nettie,Blackater,nblackatercc@netlog.com,Female,4698741523
446,Milicent,Ziemens,mziemenscd@dot.gov,Female,3105120505
447,Baillie,Micklewright,bmicklewrightce@constantcontact.com,Male,8419092088
448,Bryanty,Winslade,bwinsladecf@simplemachines.org,Male,5761992094
449,Joanie,Duchatel,jduchatelcg@yellowbook.com,Agender,6505353260
450,Ellis,Eslemont,eeslemontch@altervista.org,Male,8172210629
451,Frederic,Gumm,fgummci@opera.com,Male,1016129254
452,Rosaline,Vsanelli,rvsanellicj@angelfire.com,Female,4311930931
453,Mirelle,Vanyukhin,mvanyukhinck@google.nl,Female,1733078934
454,Coretta,Pomfret,cpomfretcl@google.com.au,Female,4192180760
455,Bertie,Johantges,bjohantgescm@patch.com,Male,6489997413
456,Joscelin,Mincher,jminchercn@domainmarket.com,Female,5435274558
457,Ernst,McMeyler,emcmeylerco@ed.gov,Male,5996187332
458,Daffy,Adolfsen,dadolfsencp@canalblog.com,Bigender,1271970935
459,Con,Beacon,cbeaconcq@plala.or.jp,Female,5815815885
460,Dulcy,Wark,dwarkcr@japanpost.jp,Female,4036325918
461,Reina,Couche,rcouchecs@tiny.cc,Female,5877021516
462,Malina,Skoyles,mskoylesct@cnbc.com,Female,4341536512
463,Krysta,Sherratt,ksherrattcu@skyrock.com,Female,7604028906
464,Nelia,Pavlik,npavlikcv@hc360.com,Female,2717223315
465,Oswell,Caulliere,ocaullierecw@bluehost.com,Male,3994207754
466,Adolpho,Shilton,ashiltoncx@ustream.tv,Male,4895711805
467,Marni,Boyen,mboyency@sun.com,Female,7955988893
468,Salmon,McShane,smcshanecz@state.gov,Male,7196229314
469,Casie,Rankin,crankind0@technorati.com,Female,8858680403
470,Alysa,Olney,aolneyd1@privacy.gov.au,Female,7183825002
471,Avictor,Gentzsch,agentzschd2@jigsy.com,Male,1521299455
472,Alejandra,Illston,aillstond3@cmu.edu,Female,3927612059
473,Martin,Polack,mpolackd4@pcworld.com,Male,8421633207
474,Lemuel,Sirmon,lsirmond5@meetup.com,Male,1891115121
475,Kennedy,Swain,kswaind6@jugem.jp,Male,8905843936
476,Arne,Gellion,agelliond7@senate.gov,Male,6818494623
477,Simmonds,Cuppleditch,scuppleditchd8@woothemes.com,Male,7325622844
478,Winnifred,Praundl,wpraundld9@github.com,Non-binary,4718123417
479,Jorge,Hitchens,jhitchensda@wikimedia.org,Male,8561599163
480,Pace,Melonby,pmelonbydb@hubpages.com,Male,3483887744
481,Claudie,Olrenshaw,colrenshawdc@list-manage.com,Female,5387387204
482,Donn,Tonsley,dtonsleydd@nhs.uk,Male,5856099908
483,Norbie,Queyos,nqueyosde@flavors.me,Male,1247443607
484,Vilhelmina,Allenby,vallenbydf@rambler.ru,Female,3712378656
485,Antonina,Freake,afreakedg@npr.org,Female,8428071953
486,Kirby,Hotchkin,khotchkindh@hhs.gov,Female,3241765908
487,Aime,Dumbar,adumbardi@reverbnation.com,Female,2439937670
488,Currie,Klaesson,cklaessondj@wix.com,Male,4351109231
489,Joletta,Sutherland,jsutherlanddk@prweb.com,Female,4234512349
490,Chere,Snoad,csnoaddl@posterous.com,Female,2916161673
491,Cacilia,Bergeon,cbergeondm@tmall.com,Female,3296058770
492,Jaime,Pagram,jpagramdn@domainmarket.com,Female,5258675484
493,Sly,Formigli,sformiglido@vinaora.com,Male,9028857892
494,Hadlee,Jakeway,hjakewaydp@apple.com,Bigender,9707788322
495,Hart,Strand,hstranddq@nba.com,Non-binary,2843770039
496,Devan,Neno,dnenodr@umich.edu,Female,6916854865
497,Enos,Philipeau,ephilipeauds@dailymail.co.uk,Male,7186486814
498,Randy,Bennitt,rbennittdt@who.int,Female,7756750812
499,Solly,Andrea,sandreadu@icq.com,Male,3209414171
500,Wylma,Stockings,wstockingsdv@booking.com,Female,6013840920
501,Dick,Decaze,ddecazedw@ebay.co.uk,Male,4822657710
502,Connie,Foote,cfootedx@google.com.au,Male,6198739095
503,Charlie,Ladbury,cladburydy@examiner.com,Male,5612660945
504,Burg,Davio,bdaviodz@va.gov,Male,6836961970
505,Tamera,McFater,tmcfatere0@sakura.ne.jp,Female,4817985674
506,Merrily,Dyne,mdynee1@rakuten.co.jp,Female,5928173447
507,Kaine,Prosh,kproshe2@free.fr,Male,5653768606
508,Byrom,Caves,bcavese3@seesaa.net,Male,2788109893
509,Yolanthe,De Biasio,ydebiasioe4@wired.com,Female,3253836480
510,Guss,Rudram,grudrame5@bloglovin.com,Male,5103564904
511,Even,Stocken,estockene6@dyndns.org,Male,8559168055
512,Lorrayne,Dillicate,ldillicatee7@ihg.com,Female,4086692970
513,Arda,Brosini,abrosinie8@cam.ac.uk,Bigender,2583835411
514,Danila,Linnett,dlinnette9@usa.gov,Female,2251838418
515,Delinda,Rutherfoord,drutherfoordea@mediafire.com,Female,6236994971
516,Irene,Spaunton,ispauntoneb@studiopress.com,Female,6863100456
517,Del,Waldock,dwaldockec@irs.gov,Male,1334442209
518,Matilde,Sebrens,msebrensed@nps.gov,Female,4626955700
519,Silva,Caltera,scalteraee@theglobeandmail.com,Female,4607984463
520,Pavia,Fowlds,pfowldsef@msn.com,Female,7606771779
521,Richart,Caunt,rcaunteg@opera.com,Male,9398915592
522,Wake,Blamires,wblamireseh@51.la,Male,5318389382
523,Daveen,Bedwell,dbedwellei@amazon.co.jp,Female,2693128626
524,Budd,Weaben,bweabenej@economist.com,Male,1601632342
525,Christy,Wooderson,cwoodersonek@shinystat.com,Female,6525634800
526,Kelsey,McReath,kmcreathel@pbs.org,Female,7367941132
527,Rebe,Dudin,rdudinem@unicef.org,Female,9569532488
528,Velma,Spillett,vspilletten@who.int,Female,3576346553
529,Sylvia,Tutchener,stutchenereo@yahoo.com,Female,4071018537
530,Albina,Do Rosario,adorosarioep@businesswire.com,Female,6943571244
531,Erasmus,Raynard,eraynardeq@slashdot.org,Male,5014557081
532,Brier,Beekman,bbeekmaner@ted.com,Female,3886238017
533,Veronika,Challiss,vchallisses@tuttocitta.it,Female,4772688454
534,Luis,Victor,lvictoret@weibo.com,Male,6582754832
535,Trumaine,Whitmore,twhitmoreeu@google.fr,Male,8452148416
536,Levin,Izatson,lizatsonev@facebook.com,Male,7363387614
537,Gilberto,Kernocke,gkernockeew@lycos.com,Male,1694951701
538,Leyla,Ramsdale,lramsdaleex@chicagotribune.com,Female,3297962807
539,Tobey,Gerrelt,tgerreltey@google.cn,Female,4066133077
540,Tito,Kittoe,tkittoeez@alexa.com,Male,6004178314
541,Grantham,Surgener,gsurgenerf0@comcast.net,Male,8205830618
542,Wynn,Crippes,wcrippesf1@hostgator.com,Male,2396243927
543,Reagen,Nevett,rnevettf2@indiegogo.com,Male,5437815945
544,Katya,Seaman,kseamanf3@cnn.com,Female,3496016473
545,Abba,Attfield,aattfieldf4@domainmarket.com,Male,6696518872
546,Brianne,Binton,bbintonf5@cnet.com,Female,5437835672
547,Karissa,Sevin,ksevinf6@shutterfly.com,Female,1437771556
548,Husain,Shackleton,hshackletonf7@clickbank.net,Male,2811977480
549,Windy,Hew,whewf8@ibm.com,Female,7703367802
550,Lisetta,Bethune,lbethunef9@fda.gov,Female,3757997523
551,Reube,Mewett,rmewettfa@yellowbook.com,Male,5225263303
552,Markus,Spiller,mspillerfb@hibu.com,Genderqueer,9756594375
553,Leonhard,Teodoro,lteodorofc@sohu.com,Male,7575043805
554,Jaye,Bellelli,jbellellifd@bluehost.com,Male,3127668419
555,Eberhard,Rickis,erickisfe@miibeian.gov.cn,Male,2056882017
556,Martynne,Langstone,mlangstoneff@ucoz.com,Female,3243616386
557,Greggory,Reveland,grevelandfg@blogs.com,Male,4801510021
558,Christiana,Medlen,cmedlenfh@artisteer.com,Female,8844434540
559,Gwyn,Ranstead,gransteadfi@fc2.com,Female,4052516395
560,Sam,Denidge,sdenidgefj@e-recht24.de,Female,8416018665
561,Brandais,Bootell,bbootellfk@accuweather.com,Female,9757460831
562,Lorie,Gravenell,lgravenellfl@walmart.com,Female,4688382191
563,Garold,Galbraeth,ggalbraethfm@dailymotion.com,Male,5044587453
564,Dario,MacKettrick,dmackettrickfn@sun.com,Male,1292013846
565,Vail,Lynn,vlynnfo@census.gov,Male,1806255983
566,Kristyn,Lescop,klescopfp@google.ru,Female,5191278044
567,Neddie,Danihelka,ndanihelkafq@soup.io,Male,9544289304
568,Renae,Burkinshaw,rburkinshawfr@ebay.com,Genderfluid,9991469026
569,Cory,Lardez,clardezfs@de.vu,Female,2394832080
570,Vittoria,Burgon,vburgonft@hubpages.com,Genderfluid,3212675145
571,Madelaine,Pallasch,mpallaschfu@cam.ac.uk,Female,8507515863
572,Spike,De Vaux,sdevauxfv@altervista.org,Male,2161103041
573,Grannie,Load,gloadfw@rakuten.co.jp,Male,4847549418
574,Celie,Stiling,cstilingfx@businesswire.com,Female,8043506185
575,Eleanore,Veryan,everyanfy@geocities.jp,Female,4323471345
576,Forbes,Gowland,fgowlandfz@sina.com.cn,Male,8975287140
577,Karna,Redgewell,kredgewellg0@jiathis.com,Female,9415668988
578,Tanney,Heijnen,theijneng1@ocn.ne.jp,Male,7673901473
579,Gardiner,Atheis,gatheisg2@geocities.com,Male,7157042420
580,Jillene,Hanaford,jhanafordg3@1688.com,Female,1568147713
581,Ferdinanda,Topper,ftopperg4@imgur.com,Female,5949110378
582,Antonie,Ubank,aubankg5@examiner.com,Female,2899106019
583,Hugibert,Bourthouloume,hbourthouloumeg6@ning.com,Male,4109123388
584,Dennet,Huckerbe,dhuckerbeg7@123-reg.co.uk,Male,4243721318
585,Moe,Skeel,mskeelg8@xinhuanet.com,Male,1982220497
586,Meade,Eglise,megliseg9@exblog.jp,Male,7703376360
587,Luigi,Joutapavicius,ljoutapaviciusga@usnews.com,Male,3801855966
588,Shamus,Limming,slimminggb@bbb.org,Male,9356771890
589,Jerri,Gaynor,jgaynorgc@mtv.com,Male,7384494837
590,Justino,Parke,jparkegd@seesaa.net,Male,5815992484
591,Corette,Enriques,cenriquesge@nsw.gov.au,Female,8579388729
592,Lindsey,Varvara,lvarvaragf@europa.eu,Male,8765709426
593,Lenora,Pennycord,lpennycordgg@histats.com,Female,8802604446
594,Noelyn,Appleford,napplefordgh@cnn.com,Female,1717802266
595,Cornie,Epton,ceptongi@youtube.com,Male,8727884923
596,Vitia,Thay,vthaygj@youtu.be,Female,9622393440
597,Nikola,Bigmore,nbigmoregk@list-manage.com,Male,8569618466
598,Pieter,Gittose,pgittosegl@a8.net,Male,1373846186
599,Aubrey,Leys,aleysgm@marketwatch.com,Female,1019078110
600,Hadria,Boribal,hboribalgn@pcworld.com,Female,3177588102
601,Mariejeanne,Linster,mlinstergo@printfriendly.com,Female,3654144503
602,Hill,Piatto,hpiattogp@sitemeter.com,Male,3484848058
603,Boycey,Pinke,bpinkegq@epa.gov,Agender,9858665138
604,Adara,Pieterick,apieterickgr@edublogs.org,Female,8641306573
605,Guntar,Adamczyk,gadamczykgs@prweb.com,Male,5305417529
606,Michel,McEniry,mmcenirygt@thetimes.co.uk,Male,3632101080
607,Bess,Monketon,bmonketongu@columbia.edu,Female,8049946144
608,Yankee,Sollner,ysollnergv@bloomberg.com,Male,4782654654
609,Bess,Thrower,bthrowergw@psu.edu,Female,6349425321
610,Aubrie,Feldhuhn,afeldhuhngx@addtoany.com,Female,7543366789
611,Georgena,Zoephel,gzoephelgy@ifeng.com,Female,4143717432
612,Davine,Ching,dchinggz@usgs.gov,Genderqueer,9178106329
613,Galina,Dahmel,gdahmelh0@hao123.com,Female,7012347888
614,Keary,Eady,keadyh1@economist.com,Male,5886390043
615,Benjie,Nobes,bnobesh2@csmonitor.com,Male,8918742465
616,Anallise,Mattersey,amatterseyh3@senate.gov,Female,4948913154
617,Wayland,D'Alwis,wdalwish4@admin.ch,Polygender,9747501617
618,Petronella,Worlock,pworlockh5@businessweek.com,Female,5126762548
619,Janie,Boggs,jboggsh6@topsy.com,Female,5172522900
620,Barclay,Dicken,bdickenh7@tuttocitta.it,Male,4866480096
621,Dylan,Dodell,ddodellh8@twitpic.com,Male,2621703324
622,Roldan,Jost,rjosth9@bluehost.com,Male,3317161422
623,Adlai,Lambert-Ciorwyn,alambertciorwynha@imgur.com,Male,1909066958
624,Sibylla,Crosskill,scrosskillhb@unicef.org,Female,1972903519
625,Benedikta,Abdee,babdeehc@tripadvisor.com,Female,9221709854
626,Bob,Kilgrew,bkilgrewhd@scientificamerican.com,Male,8229360303
627,Herschel,Mirando,hmirandohe@boston.com,Male,1974886943
628,Zolly,Padbery,zpadberyhf@sohu.com,Male,2326532389
629,Tye,Furneaux,tfurneauxhg@seesaa.net,Male,3016750952
630,Marshal,Giles,mgileshh@nba.com,Male,7343934996
631,Ingrim,Kinglesyd,ikinglesydhi@pbs.org,Male,9119379628
632,Gunar,Water,gwaterhj@nytimes.com,Male,8745169603
633,Grantham,MacMichael,gmacmichaelhk@cyberchimps.com,Male,5755325276
634,Jorey,Medgwick,jmedgwickhl@icq.com,Genderfluid,7726313940
635,Camilla,Benoit,cbenoithm@merriam-webster.com,Female,8005159468
636,Ole,Mum,omumhn@wordpress.org,Male,9448767343
637,Nancey,Delcastel,ndelcastelho@devhub.com,Female,9197971484
638,Nelie,Grout,ngrouthp@hubpages.com,Female,6421812696
639,Cash,Jude,cjudehq@microsoft.com,Male,7638743334
640,Janessa,Gregol,jgregolhr@bbb.org,Female,4312668154
641,Harlie,Runcieman,hrunciemanhs@google.com.hk,Female,9767378725
642,Delphine,Drife,ddrifeht@fc2.com,Polygender,1662105602
643,Chen,Peyes,cpeyeshu@ucoz.com,Male,1825275013
644,Andre,Wroe,awroehv@1und1.de,Bigender,4483138013
645,Rhiamon,Cannavan,rcannavanhw@xinhuanet.com,Female,2757043478
646,Dulcine,Parell,dparellhx@com.com,Female,8574728033
647,Gabriel,Emmanuele,gemmanuelehy@pagesperso-orange.fr,Female,7042268739
648,Marie-ann,Faulkes,mfaulkeshz@xrea.com,Female,4075056741
649,Laura,MacRierie,lmacrieriei0@360.cn,Female,9697005347
650,Inge,Blasli,iblaslii1@technorati.com,Female,2135454602
651,Angel,Bispham,abisphami2@economist.com,Male,5308135983
652,Kinny,Swadden,kswaddeni3@t-online.de,Male,9999774536
653,Tyson,Petersen,tpeterseni4@zimbio.com,Male,2284185201
654,Vaughn,Janiak,vjaniaki5@biglobe.ne.jp,Male,6414288964
655,Christiano,Feeny,cfeenyi6@php.net,Male,9587230750
656,Theodore,Clowley,tclowleyi7@unblog.fr,Male,2426674014
657,Britt,Kilshaw,bkilshawi8@google.co.uk,Female,8665049434
658,Reynard,Westoff,rwestoffi9@1und1.de,Male,4302151686
659,Rochell,Linnemann,rlinnemannia@cnet.com,Female,4017572758
660,Morganica,Olyfant,molyfantib@lycos.com,Bigender,5212134965
661,Fraze,Ridhole,fridholeic@parallels.com,Male,7425641606
662,Mariska,Goodbarne,mgoodbarneid@yahoo.com,Female,9343375507
663,Alameda,Reeken,areekenie@loc.gov,Female,7792105589
664,Dotti,Machent,dmachentif@soup.io,Female,8237371591
665,Rori,Morbey,rmorbeyig@japanpost.jp,Female,9168497426
666,Gabriel,Tayt,gtaytih@yale.edu,Male,9614599781
667,Allard,McGiveen,amcgiveenii@census.gov,Male,3054050274
668,Banky,Pariss,bparissij@cyberchimps.com,Male,6465128036
669,Feliks,Oven,fovenik@yandex.ru,Male,4882641601
670,Jeffrey,McGovern,jmcgovernil@purevolume.com,Male,4142712446
671,Gerry,Howen,ghowenim@europa.eu,Female,1339227656
672,Alix,Kelly,akellyin@wired.com,Male,1742491527
673,Guillermo,Moreinu,gmoreinuio@sakura.ne.jp,Male,8657471879
674,Aveline,Flipek,aflipekip@scribd.com,Female,9016736903
675,Tessy,Eyree,teyreeiq@spotify.com,Non-binary,9119285381
676,Ogdan,Ruhben,oruhbenir@lycos.com,Male,6924657999
677,Tallie,Skupinski,tskupinskiis@state.tx.us,Female,1108758090
678,Brigitta,Sappy,bsappyit@aboutads.info,Agender,2405709333
679,Kelly,Covotti,kcovottiiu@jiathis.com,Female,4927909652
680,Crichton,Sirkett,csirkettiv@1und1.de,Male,1281730824
681,Devonne,Seefus,dseefusiw@shareasale.com,Female,1714140055
682,Tillie,Murthwaite,tmurthwaiteix@answers.com,Female,8878069480
683,Adrien,Girardy,agirardyiy@issuu.com,Male,7317029911
684,Blaire,Cammell,bcammelliz@who.int,Female,7221923587
685,Renato,Kinkaid,rkinkaidj0@jigsy.com,Male,5377520178
686,Donaugh,Outerbridge,douterbridgej1@google.com.hk,Male,9103938703
687,Judas,Francillo,jfrancilloj2@live.com,Male,8919142058
688,Nap,Greggor,ngreggorj3@jigsy.com,Male,6792004756
689,Riki,Pettis,rpettisj4@nature.com,Female,1547310983
690,Lanna,Wattinham,lwattinhamj5@list-manage.com,Female,1646733028
691,Dorolice,Bromby,dbrombyj6@mit.edu,Female,3363762902
692,Salvador,Baptista,sbaptistaj7@independent.co.uk,Male,7881045998
693,Alexandro,Krystof,akrystofj8@time.com,Male,3906356360
694,Myrilla,Dradey,mdradeyj9@independent.co.uk,Female,3598291188
695,Ber,Skill,bskillja@google.ru,Male,3062347605
696,Dewain,Kuhnt,dkuhntjb@jiathis.com,Male,1306028208
697,Selinda,Davidek,sdavidekjc@oaic.gov.au,Female,4103591120
698,Lorrie,Darragh,ldarraghjd@nhs.uk,Bigender,5315807558
699,Murdoch,Edgett,medgettje@umich.edu,Male,5363521634
700,Farrand,Records,frecordsjf@alibaba.com,Female,9848726857
701,Lavinie,Gorhardt,lgorhardtjg@mac.com,Female,8569470790
702,Kelsi,Gaskamp,kgaskampjh@dropbox.com,Female,8932105097
703,Moyna,Pieche,mpiecheji@istockphoto.com,Female,3671442286
704,Evie,Szwarc,eszwarcjj@pagesperso-orange.fr,Female,9787477998
705,Dori,Guillart,dguillartjk@reuters.com,Female,8255743124
706,Englebert,Service,eservicejl@forbes.com,Male,7199109849
707,Agace,Stocken,astockenjm@blinklist.com,Genderfluid,5144314287
708,Aili,Swetland,aswetlandjn@gov.uk,Female,3502433262
709,Zitella,Fieldhouse,zfieldhousejo@webeden.co.uk,Female,6934547928
710,Luis,Clapshaw,lclapshawjp@chicagotribune.com,Male,8503408138
711,Loleta,Rawlingson,lrawlingsonjq@smh.com.au,Female,9803220489
712,Moreen,Rosenschein,mrosenscheinjr@miitbeian.gov.cn,Female,8468363551
713,Sayres,Dutnall,sdutnalljs@webs.com,Male,7445372772
714,Romain,Story,rstoryjt@apache.org,Male,9137576245
715,Helenelizabeth,McCaughren,hmccaughrenju@hostgator.com,Female,2256437688
716,Alwyn,Goncalo,agoncalojv@hostgator.com,Male,7513890775
717,Marney,McPhee,mmcpheejw@moonfruit.com,Female,4797109497
718,Urbanus,Gellion,ugellionjx@cornell.edu,Male,2053373739
719,Serene,Jennins,sjenninsjy@constantcontact.com,Female,8598069513
720,Wyatan,Iskower,wiskowerjz@reddit.com,Male,3744230731
721,Ofelia,Sweeney,osweeneyk0@dailymail.co.uk,Female,1743279189
722,Elfreda,Bolsover,ebolsoverk1@unesco.org,Female,9915489925
723,Ardath,Dommersen,adommersenk2@uol.com.br,Female,2138710312
724,Dixie,Suggitt,dsuggittk3@yelp.com,Female,5638614888
725,Emmy,Kmieciak,ekmieciakk4@zdnet.com,Female,8835979676
726,Britt,Offell,boffellk5@dell.com,Male,7836882662
727,Clair,Pooly,cpoolyk6@w3.org,Female,1869540906
728,Gale,Nares,gnaresk7@msn.com,Female,8557339840
729,Janetta,Witz,jwitzk8@psu.edu,Female,2493822289
730,Base,Rearie,breariek9@cargocollective.com,Male,7213696897
731,Hakeem,Crudge,hcrudgeka@miitbeian.gov.cn,Male,8062021012
732,Stacie,Nannoni,snannonikb@freewebs.com,Genderfluid,3791859827
733,Giorgia,Cordelet,gcordeletkc@ucoz.ru,Female,8414749100
734,Dione,Brantzen,dbrantzenkd@scientificamerican.com,Agender,4718956366
735,Staford,Nisbith,snisbithke@sourceforge.net,Male,9701779020
736,Crosby,Luggar,cluggarkf@time.com,Male,2013591322
737,Westbrooke,Marciskewski,wmarciskewskikg@youtube.com,Male,5176796594
738,Fonz,Kernermann,fkernermannkh@xrea.com,Male,6298434576
739,Gabie,Sworne,gsworneki@gov.uk,Female,3425378944
740,Dane,Conti,dcontikj@liveinternet.ru,Male,6858141007
741,Isidore,Fitzharris,ifitzharriskk@gmpg.org,Genderqueer,6246461991
742,Madelene,Gater,mgaterkl@blog.com,Female,2396311816
743,Oran,Deniskevich,odeniskevichkm@ifeng.com,Male,8088024703
744,Barbey,Burston,bburstonkn@businessinsider.com,Agender,5944980654
745,Mariska,Dominka,mdominkako@msn.com,Genderfluid,7854627019
746,Hilarius,Marsters,hmarsterskp@nbcnews.com,Male,7621339911
747,Theodor,Vagg,tvaggkq@google.com.br,Male,8804403416
748,Bel,Hellard,bhellardkr@so-net.ne.jp,Female,2244895537
749,Jermaine,Gamett,jgamettks@army.mil,Female,7024205637
750,Birch,Danbury,bdanburykt@github.com,Male,7871038365
751,Kittie,Wombwell,kwombwellku@foxnews.com,Bigender,8831890308
752,Gratiana,Neilus,gneiluskv@jigsy.com,Female,1238667397
753,Viole,Bridden,vbriddenkw@comcast.net,Female,1733247367
754,Cull,Saile,csailekx@earthlink.net,Male,6449033637
755,Goldarina,Boame,gboameky@ow.ly,Female,9715584529
756,Alexandrina,Coviello,acoviellokz@si.edu,Female,9811993554
757,Odette,McSpirron,omcspirronl0@mtv.com,Female,9853988992
758,Derward,Blaskett,dblaskettl1@hao123.com,Male,5223464048
759,Jorgan,Szanto,jszantol2@skyrock.com,Male,6558719778
760,Reagan,Grinikhin,rgrinikhinl3@chron.com,Male,2099406707
761,Ebony,MacCostigan,emaccostiganl4@springer.com,Female,4391783890
762,Rodger,Brandoni,rbrandonil5@businesswire.com,Male,6938354642
763,Marsiella,Bragger,mbraggerl6@theglobeandmail.com,Bigender,6726031501
764,Denice,Franzini,dfranzinil7@wix.com,Female,9287074984
765,Lurleen,Trythall,ltrythalll8@hp.com,Female,8191623193
766,Abigael,Kippax,akippaxl9@aol.com,Female,5463787217
767,Dukey,Hovee,dhoveela@usnews.com,Male,9078602464
768,Joycelin,Coniff,jconifflb@omniture.com,Female,1267953445
769,Farrell,Ableson,fablesonlc@webmd.com,Male,4102836581
770,Niven,Bordiss,nbordissld@ebay.co.uk,Male,1916399612
771,Chalmers,Wolverson,cwolversonle@godaddy.com,Male,7336651905
772,Burnaby,Willcox,bwillcoxlf@howstuffworks.com,Male,7355623057
773,Rolph,Dockerty,rdockertylg@oracle.com,Male,1566021347
774,Sydel,Syversen,ssyversenlh@bbb.org,Female,6171630298
775,Reinold,Harry,rharryli@arizona.edu,Male,5684351134
776,Jamie,Baggott,jbaggottlj@163.com,Male,1575857149
777,Frants,Perigeaux,fperigeauxlk@cdc.gov,Male,1069355297
778,Jedd,Peterkin,jpeterkinll@indiegogo.com,Male,8595990746
779,Berri,Simonnet,bsimonnetlm@fema.gov,Female,1048733835
780,Lorianne,Hubbuck,lhubbuckln@pen.io,Female,3621090133
781,Oates,Iacovino,oiacovinolo@hp.com,Male,8352898052
782,Phillipe,Puttnam,pputtnamlp@google.com.hk,Male,7575541513
783,Hercules,Trittam,htrittamlq@goo.ne.jp,Male,9334462068
784,Jamal,Trevett,jtrevettlr@de.vu,Male,3099078400
785,Dom,Giacobo,dgiacobols@behance.net,Male,5437723957
786,Alicia,Linger,alingerlt@lulu.com,Female,5619174364
787,Trudie,Hainning,thainninglu@cloudflare.com,Female,3319893077
788,Marcy,Rainton,mraintonlv@nsw.gov.au,Female,7514785864
789,Nerissa,Pescud,npescudlw@squidoo.com,Female,1259131451
790,Christie,Scrigmour,cscrigmourlx@blogs.com,Female,2707141391
791,Francyne,Merryweather,fmerryweatherly@nature.com,Female,5208008906
792,Moreen,Novak,mnovaklz@soup.io,Female,9275563630
793,Carmela,Hales,chalesm0@shop-pro.jp,Female,7878535255
794,Genevieve,Giacobilio,ggiacobiliom1@princeton.edu,Female,1138463435
795,Mischa,Dashkovich,mdashkovichm2@alexa.com,Male,8431081452
796,Leelah,Pippard,lpippardm3@va.gov,Non-binary,7579440484
797,Ami,Darwen,adarwenm4@mtv.com,Female,7985312686
798,Claretta,Jobke,cjobkem5@github.io,Genderfluid,3048342744
799,Lorrie,Haughin,lhaughinm6@yelp.com,Female,4871629731
800,Cariotta,Geraldo,cgeraldom7@marketwatch.com,Female,5752449409
801,Charil,Codrington,ccodringtonm8@issuu.com,Female,2007977069
802,Gilles,Brewin,gbrewinm9@miitbeian.gov.cn,Male,1823820949
803,Kameko,Playfair,kplayfairma@liveinternet.ru,Female,4822575235
804,Sayres,Nesby,snesbymb@epa.gov,Male,5885819994
805,Joli,Proswell,jproswellmc@dell.com,Agender,5907359517
806,Ellary,Bottomore,ebottomoremd@buzzfeed.com,Male,1426415916
807,Merrielle,Faint,mfaintme@purevolume.com,Female,6796131246
808,Lev,Swayland,lswaylandmf@dmoz.org,Male,5665116610
809,Carmella,Dabling,cdablingmg@mtv.com,Non-binary,1656177655
810,Weston,Turfitt,wturfittmh@arizona.edu,Agender,3098678212
811,Cosimo,Tottem,ctottemmi@creativecommons.org,Male,1245147170
812,Olly,Pearce,opearcemj@csmonitor.com,Male,7828583773
813,Lavinie,Rosenzveig,lrosenzveigmk@go.com,Genderfluid,2731877748
814,Ignaz,Sesons,isesonsml@tuttocitta.it,Male,5497038296
815,Fonz,Parmby,fparmbymm@ftc.gov,Non-binary,8571621501
816,Giffer,Webborn,gwebbornmn@amazon.co.jp,Male,4426862328
817,Beulah,Innis,binnismo@stumbleupon.com,Genderfluid,4378582276
818,Arvin,Lassetter,alassettermp@typepad.com,Male,4448498575
819,Belinda,Leftridge,bleftridgemq@nsw.gov.au,Female,3868649368
820,Gael,Pritchitt,gpritchittmr@statcounter.com,Male,8016287314
821,Viola,Slayford,vslayfordms@fotki.com,Female,1276344252
822,Shaw,Eborall,seborallmt@infoseek.co.jp,Male,5166009993
823,Ronny,Girardetti,rgirardettimu@miitbeian.gov.cn,Male,6413450978
824,Bertie,Jerrard,bjerrardmv@buzzfeed.com,Male,2975727326
825,Avis,Pellatt,apellattmw@hostgator.com,Female,1303793095
826,Elle,Willmore,ewillmoremx@nyu.edu,Female,7677986383
827,Catrina,Milnes,cmilnesmy@t-online.de,Female,7391310870
828,Suzie,Berkeley,sberkeleymz@123-reg.co.uk,Polygender,3652707013
829,Stacy,McGlaughn,smcglaughnn0@msn.com,Male,7105645752
830,Orrin,Hensmans,ohensmansn1@sakura.ne.jp,Male,5104834062
831,Chloris,Ditchfield,cditchfieldn2@t.co,Female,4096623186
832,Malena,MacComiskey,mmaccomiskeyn3@scribd.com,Female,7161099907
833,Hyacinthia,De La Haye,hdelahayen4@umn.edu,Female,6854186269
834,Ninetta,Venes,nvenesn5@europa.eu,Female,5615151576
835,King,Cartmail,kcartmailn6@free.fr,Male,2387350904
836,Roseline,Akett,rakettn7@addtoany.com,Female,6317556185
837,Sol,Pinnere,spinneren8@gov.uk,Male,5907433007
838,Doloritas,Amiranda,damirandan9@storify.com,Female,7403513957
839,Ricky,Lossman,rlossmanna@prlog.org,Female,1014350330
840,Brietta,Farnes,bfarnesnb@independent.co.uk,Female,6351526464
841,Sutton,Smallpeice,ssmallpeicenc@time.com,Male,4283269181
842,Doll,Tavinor,dtavinornd@java.com,Female,4013946911
843,Krishna,Starie,kstariene@yolasite.com,Male,8388389773
844,Johannes,Simnel,jsimnelnf@cnn.com,Male,2113575736
845,Candy,McClarence,cmcclarenceng@epa.gov,Female,2239749161
846,Mag,Mooring,mmooringnh@latimes.com,Female,4212225631
847,Marcille,Noore,mnooreni@de.vu,Female,1719275595
848,Carlin,Sollom,csollomnj@wufoo.com,Male,6421685774
849,Misty,Rimes,mrimesnk@whitehouse.gov,Female,9686056906
850,Shamus,Richardsson,srichardssonnl@auda.org.au,Male,8815889022
851,Gipsy,Creer,gcreernm@theatlantic.com,Female,4174371370
852,Mile,Wakelam,mwakelamnn@statcounter.com,Male,9302644033
853,Cyrus,Le Batteur,clebatteurno@jigsy.com,Male,8313970004
854,Gran,Guilloneau,gguilloneaunp@businesswire.com,Male,2347013333
855,Gaile,Hinnerk,ghinnerknq@state.gov,Male,3036373680
856,Jana,Don,jdonnr@redcross.org,Female,5851309921
857,Monah,Sabine,msabinens@51.la,Female,1922501966
858,Mercie,Dunstone,mdunstonent@shop-pro.jp,Female,3264388022
859,Gordan,Paulusch,gpauluschnu@imgur.com,Male,2417148353
860,Mozelle,Purcer,mpurcernv@globo.com,Female,3219920118
861,Dare,Fernandez,dfernandeznw@indiatimes.com,Male,3155490316
862,Ignacius,Woodhams,iwoodhamsnx@freewebs.com,Male,9491352855
863,Leeanne,Bampfield,lbampfieldny@usda.gov,Female,8669662539
864,Bendix,Nuth,bnuthnz@amazon.co.uk,Male,7756328584
865,Rodd,Crathorne,rcrathorneo0@youtu.be,Male,8499794683
866,Sibella,Bowich,sbowicho1@oaic.gov.au,Female,8346421393
867,Cary,Gable,cgableo2@alibaba.com,Polygender,4155475765
868,Graham,Kenton,gkentono3@addtoany.com,Male,8958122675
869,Scarlet,Luetkemeyer,sluetkemeyero4@senate.gov,Female,9566802768
870,Milo,Duchenne,mduchenneo5@rakuten.co.jp,Polygender,5376177505
871,Carolus,Valens-Smith,cvalenssmitho6@ibm.com,Polygender,9573696270
872,Monro,Blackly,mblacklyo7@mtv.com,Male,6239142586
873,Torrance,Grelik,tgreliko8@moonfruit.com,Male,4351985938
874,Costa,Russon,crussono9@themeforest.net,Male,4162803000
875,Bobina,Mardlin,bmardlinoa@columbia.edu,Female,9381929292
876,Athena,Amaya,aamayaob@hao123.com,Polygender,5414525340
877,Patten,Smees,psmeesoc@amazon.com,Male,4619849033
878,Laurence,Urpeth,lurpethod@bbc.co.uk,Male,6149527588
879,Matthew,Curdell,mcurdelloe@si.edu,Male,2643663122
880,Jeffie,Laughlin,jlaughlinof@walmart.com,Male,7065335126
881,Terrell,Munroe,tmunroeog@moonfruit.com,Male,4778831563
882,Lothario,Wimlett,lwimlettoh@seattletimes.com,Male,6276796309
883,Goldi,Frarey,gfrareyoi@rediff.com,Female,4059345754
884,Tonnie,Peacey,tpeaceyoj@economist.com,Male,7567093124
885,Korey,Donald,kdonaldok@google.es,Male,9434778483
886,Richmond,Splevin,rsplevinol@cafepress.com,Male,6058780601
887,Cherianne,Loveguard,cloveguardom@mapquest.com,Female,6952577599
888,Rozalin,Blaylock,rblaylockon@google.co.uk,Female,2707357812
889,Reynard,Pecht,rpechtoo@theatlantic.com,Male,2071997982
890,Natalie,Choupin,nchoupinop@mac.com,Female,6896079045
891,Mariya,Patrie,mpatrieoq@nytimes.com,Female,7244415215
892,Englebert,Poel,epoelor@google.com,Male,4249772128
893,Sinclare,Brownsill,sbrownsillos@squidoo.com,Male,5027437783
894,Elroy,Izkovici,eizkoviciot@patch.com,Polygender,8973291599
895,Bertine,Gumb,bgumbou@quantcast.com,Female,2269561784
896,Paulina,Sangwine,psangwineov@apache.org,Female,2131356772
897,Anthia,McCardle,amccardleow@stanford.edu,Female,2682215969
898,Ephraim,Felton,efeltonox@apache.org,Male,1165180543
899,Layla,Nobles,lnoblesoy@deviantart.com,Female,6292505201
900,Hamil,Geraldez,hgeraldezoz@multiply.com,Male,6648486578
901,Kendall,Vassbender,kvassbenderp0@flavors.me,Male,5787380501
902,Cass,Iley,cileyp1@ow.ly,Genderqueer,4037781716
903,Meier,Burrow,mburrowp2@bluehost.com,Male,5858844439
904,Dorian,Findon,dfindonp3@chicagotribune.com,Female,5553738334
905,Rosmunda,Hyett,rhyettp4@wufoo.com,Female,4122204023
906,Rey,Prangle,rpranglep5@odnoklassniki.ru,Male,9615265048
907,Neddy,Casassa,ncasassap6@ustream.tv,Male,9251138948
908,Katti,McKiddin,kmckiddinp7@craigslist.org,Genderqueer,9806415008
909,Cornie,Binnie,cbinniep8@bbb.org,Bigender,6509045231
910,Bar,Demchen,bdemchenp9@wp.com,Male,1111666457
911,Ambrosi,McSpirron,amcspirronpa@chicagotribune.com,Male,6147448228
912,Celie,McCurt,cmccurtpb@deliciousdays.com,Female,1135785887
913,Kandy,Paternoster,kpaternosterpc@alexa.com,Female,2515351997
914,Lexine,Dolden,ldoldenpd@scribd.com,Female,5132463198
915,Eduino,Sivills,esivillspe@jigsy.com,Male,4312719197
916,Sissie,Koppe,skoppepf@ft.com,Female,9199935507
917,Herta,Schuchmacher,hschuchmacherpg@aboutads.info,Female,5793479964
918,Kerr,Gibbett,kgibbettph@is.gd,Male,9019624285
919,Raynor,Kirsch,rkirschpi@cornell.edu,Male,8066597778
920,Charmian,Canizares,ccanizarespj@live.com,Female,9104077310
921,Andonis,Ganniclifft,aganniclifftpk@hhs.gov,Genderfluid,5265088962
922,Eda,Beeswing,ebeeswingpl@bing.com,Female,5839388904
923,Gregoor,Whelpdale,gwhelpdalepm@parallels.com,Male,8073122812
924,Goddard,Tillyer,gtillyerpn@wikispaces.com,Male,6256932566
925,Giustina,Klaes,gklaespo@nymag.com,Female,4728628673
926,Giffard,Fereday,gferedaypp@skyrock.com,Male,4006208873
927,Cristen,Humbert,chumbertpq@prlog.org,Female,8693738474
928,Sileas,Ca,scapr@skyrock.com,Genderfluid,4685369906
929,Nikki,Hinze,nhinzeps@blogtalkradio.com,Female,9675122461
930,Ferrel,Goade,fgoadept@mysql.com,Male,5767445641
931,Opal,Goldup,ogolduppu@dmoz.org,Female,1978505006
932,Windy,Pickwell,wpickwellpv@wikia.com,Female,3802272712
933,Bartie,Di Batista,bdibatistapw@hp.com,Male,7336020284
934,Giavani,Player,gplayerpx@yellowbook.com,Male,3733714138
935,Norrie,Bilsborrow,nbilsborrowpy@vkontakte.ru,Female,3429607403
936,Alvira,Ferry,aferrypz@gravatar.com,Female,6554490745
937,Freddie,Kemitt,fkemittq0@deviantart.com,Male,9427785346
938,Gayelord,Castana,gcastanaq1@kickstarter.com,Male,4027974260
939,Sly,Major,smajorq2@eepurl.com,Male,8074823044
940,Lindie,Braniff,lbraniffq3@wsj.com,Female,8649145579
941,Astra,Rawcliff,arawcliffq4@woothemes.com,Female,1596171913
942,Graeme,Van der Merwe,gvandermerweq5@acquirethisname.com,Male,5457240096
943,Zabrina,Dee,zdeeq6@angelfire.com,Female,6085985162
944,Harwell,Kegley,hkegleyq7@photobucket.com,Male,8281465127
945,Maddy,Cuthbertson,mcuthbertsonq8@studiopress.com,Agender,7202338972
946,Nadia,Parysowna,nparysownaq9@senate.gov,Female,8388951289
947,Rhys,Iacovides,riacovidesqa@ca.gov,Male,5612111612
948,Celestyna,Pedder,cpedderqb@ameblo.jp,Female,4132663030
949,Wilt,Urion,wurionqc@gnu.org,Male,6721442681
950,Berry,Ardron,bardronqd@adobe.com,Female,5197903626
951,Carmelle,Hansen,chansenqe@cnbc.com,Female,7528823936
952,Waylan,McDuffie,wmcduffieqf@merriam-webster.com,Male,4794468210
953,Valli,Maytom,vmaytomqg@wired.com,Female,8416240640
954,Leigh,Beville,lbevilleqh@privacy.gov.au,Male,1951277707
955,Violet,Boyer,vboyerqi@aol.com,Female,1161400628
956,Ashley,Gilbanks,agilbanksqj@rakuten.co.jp,Female,6442839179
957,Herold,Filchakov,hfilchakovqk@t-online.de,Male,2729026808
958,Camila,Ginnelly,cginnellyql@barnesandnoble.com,Female,5952597775
959,Lydon,Durden,ldurdenqm@symantec.com,Male,2573887745
960,Toinette,Raithbie,traithbieqn@tripadvisor.com,Female,7182892867
961,Annie,Wogan,awoganqo@blogs.com,Female,5872827882
962,Forest,Mould,fmouldqp@mlb.com,Male,1787169954
963,Cathlene,Chastey,cchasteyqq@uol.com.br,Female,4059797034
964,Eloise,Lawrenz,elawrenzqr@multiply.com,Female,1822822401
965,Marion,Roskams,mroskamsqs@netlog.com,Male,2047695366
966,Kylie,Le Borgne,kleborgneqt@mozilla.org,Female,2159600319
967,Niel,Hurch,nhurchqu@theatlantic.com,Male,6412448201
968,Paolina,Atherley,patherleyqv@psu.edu,Female,2883054860
969,Cecilia,Muldoon,cmuldoonqw@1688.com,Bigender,8626195836
970,Debby,Dacombe,ddacombeqx@godaddy.com,Female,9886582060
971,Sansone,Tesoe,stesoeqy@dmoz.org,Male,7907829071
972,Rog,Skeggs,rskeggsqz@networksolutions.com,Male,8781668743
973,Rog,Semrad,rsemradr0@goodreads.com,Male,6091189140
974,Lucius,Leftwich,lleftwichr1@dion.ne.jp,Male,4265684813
975,Heather,Steabler,hsteablerr2@angelfire.com,Female,5262984761
976,Cody,Spoole,cspooler3@illinois.edu,Female,1059099635
977,Oby,Mengue,omenguer4@wiley.com,Male,8426504892
978,Cherye,Janous,cjanousr5@scientificamerican.com,Female,1333299574
979,Elyn,Clemente,eclementer6@washington.edu,Female,4317777980
980,Shalom,Horsburgh,shorsburghr7@shinystat.com,Male,8981584681
981,Holly,Billion,hbillionr8@nationalgeographic.com,Female,1003406424
982,Cathie,Greg,cgregr9@businessweek.com,Genderqueer,9621781475
983,Tanner,Toye,ttoyera@flickr.com,Male,2399770626
984,Errick,Lanahan,elanahanrb@gov.uk,Male,1716304065
985,Raleigh,Doneld,rdoneldrc@cocolog-nifty.com,Male,7877816260
986,Richmound,Josipovic,rjosipovicrd@newsvine.com,Male,8785977554
987,Gustaf,Filipchikov,gfilipchikovre@shinystat.com,Male,7368246828
988,Britney,Friskey,bfriskeyrf@ucsd.edu,Female,9436449106
989,Lindsey,Birtley,lbirtleyrg@irs.gov,Female,7195025414
990,Genia,Shardlow,gshardlowrh@t.co,Bigender,8889919399
991,Bryana,Trippack,btrippackri@amazon.com,Female,3224695844
992,Linnea,Craghead,lcragheadrj@vistaprint.com,Female,9551747123
993,Pernell,Abraham,pabrahamrk@youku.com,Male,7414937480
994,Kendricks,Looney,klooneyrl@networksolutions.com,Male,4994391557
995,Adeline,Teasdale-Markie,ateasdalemarkierm@joomla.org,Female,2582429163
996,Amalle,Richards,arichardsrn@forbes.com,Female,3632721468
997,Sullivan,Gentile,sgentilero@miitbeian.gov.cn,Male,4772497546
998,Dede,Teece,dteecerp@ycombinator.com,Female,6785023436
999,Carmelia,Coller,ccollerrq@weather.com,Female,6081337709
1000,Mariam,Inman,minmanrr@addthis.com,Female,3365000037
